{
	"info": {
		"_postman_id": "b8b8ca0e-8d96-4904-9609-8e0b62f6db8d",
		"name": "CMS Reporting API v1",
		"description": "HIVE CMS Reporting API",
		"schema": "https://schema.getpostman.com/json/collection/v2.1.0/collection.json",
		"_exporter_id": "24424032"
	},
	"item": [
		{
			"name": "reports",
			"item": [
				{
					"name": "Get contents by organization",
					"request": {
						"auth": {
							"type": "noauth"
						},
						"method": "GET",
						"header": [
							{
								"key": "Accept",
								"value": "text/plain"
							}
						],
						"url": {
							"raw": "{{baseUrl}}/reports/contents?reportsKey={{reportsKey}}&page=1&pageSize=1000",
							"host": [
								"{{baseUrl}}"
							],
							"path": [
								"reports",
								"contents"
							],
							"query": [
								{
									"key": "reportsKey",
									"value": "{{reportsKey}}"
								},
								{
									"key": "page",
									"value": "1",
									"description": "Page of results"
								},
								{
									"key": "pageSize",
									"value": "1000",
									"description": "Number of results per page"
								},
								{
									"key": "orderBy",
									"value": "Name",
									"description": "Field by which to order the results",
									"disabled": true
								},
								{
									"key": "orderByDescending",
									"value": "false",
									"description": "Whether results should be returned in descending order based on the 'orderBy' parameter",
									"disabled": true
								}
							]
						}
					},
					"response": [
						{
							"name": "Success",
							"originalRequest": {
								"method": "GET",
								"header": [],
								"url": {
									"raw": "{{baseUrl}}/reports/contents?reportsKey=<uuid>&orderBy=Name&page=1&pageSize=1000&orderByDescending=false",
									"host": [
										"{{baseUrl}}"
									],
									"path": [
										"reports",
										"contents"
									],
									"query": [
										{
											"key": "reportsKey",
											"value": "<uuid>"
										},
										{
											"key": "orderBy",
											"value": "Name"
										},
										{
											"key": "page",
											"value": "1"
										},
										{
											"key": "pageSize",
											"value": "1000"
										},
										{
											"key": "orderByDescending",
											"value": "false"
										}
									]
								}
							},
							"status": "OK",
							"code": 200,
							"_postman_previewlanguage": "json",
							"header": [
								{
									"key": "Content-Type",
									"value": "application/json"
								}
							],
							"cookie": [],
							"body": "{\n  \"totalItems\": -80936432,\n  \"items\": [\n    {\n      \"id\": \"urn:uuid:fa71920b-773f-d7ec-0fc1-586e7b70364d\",\n      \"averageRating\": -9310908.442724615,\n      \"displayUnit\": \"exercitation\",\n      \"fileExtension\": \"dolor aute sint officia nostrud\",\n      \"fileName\": \"eu consectetur sunt voluptate proident\",\n      \"hasCustomPreviewImage\": false,\n      \"location\": \"dolor dolor\",\n      \"name\": \"reprehenderit aliqua nisi\",\n      \"organizationId\": \"urn:uuid:7c68e2ac-b004-5d68-84ca-e476bd6762dc\",\n      \"previewImageUri\": \"culpa occaecat anim nostrud\",\n      \"category\": {\n        \"id\": 84124926,\n        \"name\": \"amet aliqua consequat\"\n      },\n      \"source\": \"ut consequat mollit Lorem dolore\",\n      \"type\": \"ex velit sit pariatur sed\",\n      \"revitFamilyHostType\": \"consec\",\n      \"addedAt\": \"2014-11-30T11:44:14.610Z\",\n      \"addedById\": \"urn:uuid:10d50ffc-1642-c386-8bc6-f07acba58491\",\n      \"updatedAt\": \"1974-01-17T11:22:02.941Z\",\n      \"updatedById\": \"8a7b55d7-25c6-51e1-6528-52a12f1184a7\"\n    },\n    {\n      \"id\": \"2661d7c4-1810-fcf3-45a2-df8640f017f9\",\n      \"averageRating\": 52410481.71309471,\n      \"displayUnit\": \"anim ex Lorem\",\n      \"fileExtension\": \"culpa\",\n      \"fileName\": \"consectetur cupidatat ex et\",\n      \"hasCustomPreviewImage\": true,\n      \"location\": \"tempor consequat in adipisicing\",\n      \"name\": \"incididunt officia\",\n      \"organizationId\": \"2bee65d6-0e58-37c0-a26a-a0f39281b331\",\n      \"previewImageUri\": \"labore magna amet\",\n      \"category\": {\n        \"id\": -30427045,\n        \"name\": \"sed dolor\"\n      },\n      \"source\": \"cupidatat\",\n      \"type\": \"consequat id mollit\",\n      \"revitFamilyHostType\": \"pariatur e\",\n      \"addedAt\": \"2012-05-10T08:36:47.488Z\",\n      \"addedById\": \"3e4b4757-b79b-08ab-9206-65be861959ba\",\n      \"updatedAt\": \"2019-04-12T13:13:08.066Z\",\n      \"updatedById\": \"c096e668-7ae6-d07a-725e-6e6ff9b45f64\"\n    }\n  ]\n}"
						}
					]
				},
				{
					"name": "Get content by content id",
					"request": {
						"method": "GET",
						"header": [
							{
								"key": "Accept",
								"value": "text/plain"
							}
						],
						"url": {
							"raw": "{{baseUrl}}/reports/content?reportsKey={{reportsKey}}&contentId=<guid>",
							"host": [
								"{{baseUrl}}"
							],
							"path": [
								"reports",
								"content"
							],
							"query": [
								{
									"key": "reportsKey",
									"value": "{{reportsKey}}",
									"description": "(Required) Organization-specific key obtained from CTC"
								},
								{
									"key": "contentId",
									"value": "<guid>",
									"description": "(Required) Id of content to return record for"
								},
								{
									"key": "includeFiles",
									"value": "false",
									"description": "Whether to include content files",
									"disabled": true
								},
								{
									"key": "includeTypes",
									"value": "false",
									"description": "Whether to include family types - Requires: 'includeFiles'",
									"disabled": true
								},
								{
									"key": "includeTypeParameters",
									"value": "false",
									"description": "Whether to include family type parameters - Requires: 'includeFiles', 'includeTypes'",
									"disabled": true
								},
								{
									"key": "includeLibraries",
									"value": "false",
									"description": "Whether to include libraries",
									"disabled": true
								},
								{
									"key": "includeAttachments",
									"value": "false",
									"description": "Whether to include attachments",
									"disabled": true
								},
								{
									"key": "includeDownloads",
									"value": "false",
									"description": "Whether to include downloads",
									"disabled": true
								},
								{
									"key": "includeLoads",
									"value": "false",
									"description": "Whether to include content loads",
									"disabled": true
								},
								{
									"key": "includeDocuments",
									"value": "false",
									"description": "Whether to include documents - Requires: 'includeLoads'",
									"disabled": true
								},
								{
									"key": "includeReviews",
									"value": "false",
									"description": "Whether to include content reviews",
									"disabled": true
								},
								{
									"key": "includeRevisions",
									"value": "false",
									"description": "Whether to include content revisions",
									"disabled": true
								},
								{
									"key": "includeTags",
									"value": "false",
									"description": "Whether to include content tags",
									"disabled": true
								},
								{
									"key": "includeUsers",
									"value": "false",
									"description": "Whether to include content added/updated-by-user info",
									"disabled": true
								},
								{
									"key": "includeFavoritedUsers",
									"value": "false",
									"disabled": true
								}
							]
						}
					},
					"response": [
						{
							"name": "Success",
							"originalRequest": {
								"method": "GET",
								"header": [],
								"url": {
									"raw": "{{baseUrl}}/reports/content?reportsKey=<uuid>&contentId=<uuid>&includeFiles=false&includeTypes=false&includeTypeParameters=false&includeLibraries=false&includeAttachments=false&includeDownloads=false&includeLoads=false&includeDocuments=false&includeReviews=false&includeRevisions=false&includeTags=false&includeUsers=false&includeFavoritedUsers=false",
									"host": [
										"{{baseUrl}}"
									],
									"path": [
										"reports",
										"content"
									],
									"query": [
										{
											"key": "reportsKey",
											"value": "<uuid>"
										},
										{
											"key": "contentId",
											"value": "<uuid>"
										},
										{
											"key": "includeFiles",
											"value": "false"
										},
										{
											"key": "includeTypes",
											"value": "false"
										},
										{
											"key": "includeTypeParameters",
											"value": "false"
										},
										{
											"key": "includeLibraries",
											"value": "false"
										},
										{
											"key": "includeAttachments",
											"value": "false"
										},
										{
											"key": "includeDownloads",
											"value": "false"
										},
										{
											"key": "includeLoads",
											"value": "false"
										},
										{
											"key": "includeDocuments",
											"value": "false"
										},
										{
											"key": "includeReviews",
											"value": "false"
										},
										{
											"key": "includeRevisions",
											"value": "false"
										},
										{
											"key": "includeTags",
											"value": "false"
										},
										{
											"key": "includeUsers",
											"value": "false"
										},
										{
											"key": "includeFavoritedUsers",
											"value": "false"
										}
									]
								}
							},
							"status": "OK",
							"code": 200,
							"_postman_previewlanguage": "json",
							"header": [
								{
									"key": "Content-Type",
									"value": "application/json"
								}
							],
							"cookie": [],
							"body": "{\n  \"averageRating\": -4230240.8470457345,\n  \"contentAttachments\": [\n    {\n      \"organizationId\": \"f8d3cc8f-ef8d-8a8d-bfea-df7d2d6ab0c2\",\n      \"contentId\": \"fdab6c42-996f-6c64-bdb6-32764b39da2b\",\n      \"name\": \"cupidatat labore anim amet\",\n      \"path\": \"magna nu\",\n      \"isLink\": true,\n      \"type\": \"dolor minim nulla\",\n      \"description\": \"ad\",\n      \"fileExtension\": \"aute mollit quis magna\",\n      \"fileSizeInBytes\": 54371956,\n      \"addedAt\": \"2014-03-20T06:23:26.777Z\",\n      \"addedById\": \"urn:uuid:89e2a512-adad-7f03-00e3-5b06eb6b39e7\",\n      \"addedBy\": {\n        \"displayName\": \"Lorem voluptate magna est\",\n        \"id\": \"5756b8e1-6486-ae1a-71b1-1da2cebdfbc8\"\n      },\n      \"updatedAt\": \"2013-07-05T23:41:22.920Z\",\n      \"updatedById\": \"urn:uuid:5d0ea111-9ffa-3572-653b-33fd40f5e025\",\n      \"updatedBy\": {\n        \"displayName\": \"ut sint\",\n        \"id\": \"2bb009f0-1a73-7d3c-284c-65ccfafd6011\"\n      },\n      \"id\": \"752195ab-1f6c-c985-c89c-d8cf6f7b033a\"\n    },\n    {\n      \"organizationId\": \"d5dd1d9d-cd3f-fc81-5d5c-c61ff42be9d7\",\n      \"contentId\": \"urn:uuid:1fc859e6-787d-634d-bd7e-e9ea3dd753e2\",\n      \"name\": \"quis\",\n      \"path\": \"e\",\n      \"isLink\": false,\n      \"type\": \"tempor aliquip\",\n      \"description\": \"non in cillum\",\n      \"fileExtension\": \"sunt proident et Excepteur ad\",\n      \"fileSizeInBytes\": 34649559,\n      \"addedAt\": \"2006-12-02T16:11:21.008Z\",\n      \"addedById\": \"b747f634-7fea-afbe-2df6-90d809865ea7\",\n      \"addedBy\": {\n        \"displayName\": \"Excepteur\",\n        \"id\": \"urn:uuid:0e9e4b09-2701-7d55-ac13-147333f873ff\"\n      },\n      \"updatedAt\": \"1945-01-15T18:19:13.900Z\",\n      \"updatedById\": \"urn:uuid:15144425-a4d0-461f-7c05-1c8463651c02\",\n      \"updatedBy\": {\n        \"displayName\": \"cillum ut\",\n        \"id\": \"ce39165a-cf2c-b20b-34a0-48e0983ac1df\"\n      },\n      \"id\": \"83cec425-4ee2-aa79-07b5-dcccc8f1fdbf\"\n    }\n  ],\n  \"contentLibraryIds\": [\n    \"669c3bd1-4bd1-9ff5-a83e-0ae1b67a1b75\",\n    \"5bd93862-d7cb-2ddb-0849-206f925b90a3\"\n  ],\n  \"contentTagIds\": [\n    \"urn:uuid:7c7366b3-2c40-a805-711f-220a76b0086b\",\n    \"7d35e57b-3f24-b05d-472e-9a9cc192137b\"\n  ],\n  \"displayUnit\": \"officia id et\",\n  \"downloads\": [\n    {\n      \"contentId\": \"urn:uuid:475715a3-eb8a-4165-22cc-47174cafb71d\",\n      \"downloadedAt\": \"1984-01-06T17:09:02.387Z\",\n      \"downloadedById\": \"d5ed3fe0-c898-f2eb-a683-eb3daedaf592\",\n      \"downloadedBy\": {\n        \"displayName\": \"ea\",\n        \"id\": \"0cbad7e1-ec10-08e4-d750-e6debbde7eb2\"\n      },\n      \"id\": \"b926d0af-a4ee-e7e5-73ef-d786b73348fb\"\n    },\n    {\n      \"contentId\": \"urn:uuid:bbc1f625-8740-ba9e-4cbe-4c579be089ea\",\n      \"downloadedAt\": \"1964-02-01T08:04:54.149Z\",\n      \"downloadedById\": \"urn:uuid:31f0cf3b-f0bf-b73f-c926-161c24b25339\",\n      \"downloadedBy\": {\n        \"displayName\": \"amet Duis ut nulla quis\",\n        \"id\": \"urn:uuid:af22dd43-47cb-d1ad-5bbc-71018de528d7\"\n      },\n      \"id\": \"urn:uuid:5ef1cc88-81b3-df37-8ec2-b7beec22bb3e\"\n    }\n  ],\n  \"fileExtension\": \"veniam in\",\n  \"fileName\": \"reprehenderit dolor dolore \",\n  \"files\": [\n    {\n      \"addedBy\": {\n        \"displayName\": \"magna ea\",\n        \"settings\": {\n          \"value\": \"<Error: Too many levels of nesting to fake this schema>\"\n        },\n        \"roles\": [\n          {\n            \"value\": \"<Error: Too many levels of nesting to fake this schema>\"\n          },\n          {\n            \"value\": \"<Error: Too many levels of nesting to fake this schema>\"\n          }\n        ],\n        \"favoriteContents\": [\n          {\n            \"value\": \"<Error: Too many levels of nesting to fake this schema>\"\n          },\n          {\n            \"value\": \"<Error: Too many levels of nesting to fake this schema>\"\n          }\n        ],\n        \"id\": \"9f65a54b-d07d-5266-09fa-0c4ef13f1f11\"\n      },\n      \"fileExtension\": \"ut labor\",\n      \"fileName\": \"ea ex occaecat\",\n      \"filePath\": \"nostrud \",\n      \"updatedBy\": {\n        \"displayName\": \"veniam irure dolore non\",\n        \"settings\": {\n          \"value\": \"<Error: Too many levels of nesting to fake this schema>\"\n        },\n        \"roles\": [\n          {\n            \"value\": \"<Error: Too many levels of nesting to fake this schema>\"\n          },\n          {\n            \"value\": \"<Error: Too many levels of nesting to fake this schema>\"\n          }\n        ],\n        \"favoriteContents\": [\n          {\n            \"value\": \"<Error: Too many levels of nesting to fake this schema>\"\n          },\n          {\n            \"value\": \"<Error: Too many levels of nesting to fake this schema>\"\n          }\n        ],\n        \"id\": \"urn:uuid:a4b886a4-f8f9-0247-2598-d4cc558828a7\"\n      },\n      \"organizationId\": \"25ca04ef-505b-937f-3391-9a367baf8fe2\",\n      \"hasRevitTypeCatalog\": true,\n      \"revitSourceProjectElementId\": -22588678,\n      \"revitContainerProjectElementId\": 59615320,\n      \"revitCentralProjectFilePath\": \"do ut\",\n      \"revitProjectWorkSharingMode\": \"Ut adipisicing\",\n      \"location\": \"fugiat ut nostrud ea\",\n      \"components\": [\n        {\n          \"name\": \"elit dolore i\",\n          \"properties\": [\n            {\n              \"value\": \"<Error: Too many levels of nesting to fake this schema>\"\n            },\n            {\n              \"value\": \"<Error: Too many levels of nesting to fake this schema>\"\n            }\n          ],\n          \"id\": \"566f2bfa-0bfe-6886-055c-cb0ad476bb69\"\n        },\n        {\n          \"name\": \"commodo\",\n          \"properties\": [\n            {\n              \"value\": \"<Error: Too many levels of nesting to fake this schema>\"\n            },\n            {\n              \"value\": \"<Error: Too many levels of nesting to fake this schema>\"\n            }\n          ],\n          \"id\": \"3d758f26-9298-2e2f-a6e2-33ae20f06dc5\"\n        }\n      ],\n      \"fileCreatedAt\": \"1953-07-23T19:14:30.407Z\",\n      \"fileModifiedAt\": \"1970-01-04T06:44:38.878Z\",\n      \"fileSizeInBytes\": 65166444,\n      \"fileVersion\": 31225170,\n      \"addedAt\": \"1995-12-16T19:30:23.831Z\",\n      \"addedById\": \"urn:uuid:0d1282ac-fa52-f24b-ff53-d76cac16f086\",\n      \"updatedAt\": \"2004-02-01T08:18:43.759Z\",\n      \"updatedById\": \"df202058-4adc-f0e9-47a9-1ec70e5255cf\",\n      \"id\": \"urn:uuid:d985a444-8fac-7fc7-02e4-94917d22fd97\"\n    },\n    {\n      \"addedBy\": {\n        \"displayName\": \"in ad id ut reprehe\",\n        \"settings\": {\n          \"value\": \"<Error: Too many levels of nesting to fake this schema>\"\n        },\n        \"roles\": [\n          {\n            \"value\": \"<Error: Too many levels of nesting to fake this schema>\"\n          },\n          {\n            \"value\": \"<Error: Too many levels of nesting to fake this schema>\"\n          }\n        ],\n        \"favoriteContents\": [\n          {\n            \"value\": \"<Error: Too many levels of nesting to fake this schema>\"\n          },\n          {\n            \"value\": \"<Error: Too many levels of nesting to fake this schema>\"\n          }\n        ],\n        \"id\": \"urn:uuid:79b030b0-238f-3a76-1c4c-e4767a9c1aa4\"\n      },\n      \"fileExtension\": \"ex\",\n      \"fileName\": \"fugiat Duis tempor\",\n      \"filePath\": \"laborum fugiat\",\n      \"updatedBy\": {\n        \"displayName\": \"et consectetur commodo\",\n        \"settings\": {\n          \"value\": \"<Error: Too many levels of nesting to fake this schema>\"\n        },\n        \"roles\": [\n          {\n            \"value\": \"<Error: Too many levels of nesting to fake this schema>\"\n          },\n          {\n            \"value\": \"<Error: Too many levels of nesting to fake this schema>\"\n          }\n        ],\n        \"favoriteContents\": [\n          {\n            \"value\": \"<Error: Too many levels of nesting to fake this schema>\"\n          },\n          {\n            \"value\": \"<Error: Too many levels of nesting to fake this schema>\"\n          }\n        ],\n        \"id\": \"d980910d-674b-5146-a5de-c4c3bca57ab4\"\n      },\n      \"organizationId\": \"2e571daa-6ec9-ba66-58ea-d99a9f2f5af0\",\n      \"hasRevitTypeCatalog\": true,\n      \"revitSourceProjectElementId\": -31413418,\n      \"revitContainerProjectElementId\": -71274924,\n      \"revitCentralProjectFilePath\": \"mollit\",\n      \"revitProjectWorkSharingMode\": \"consectetur Excepteur Ut\",\n      \"location\": \"dolor laborum consequat\",\n      \"components\": [\n        {\n          \"name\": \"do fugiat aute\",\n          \"properties\": [\n            {\n              \"value\": \"<Error: Too many levels of nesting to fake this schema>\"\n            },\n            {\n              \"value\": \"<Error: Too many levels of nesting to fake this schema>\"\n            }\n          ],\n          \"id\": \"5fb4c21e-8686-3952-91c7-a6074e0e8c64\"\n        },\n        {\n          \"name\": \"cillum\",\n          \"properties\": [\n            {\n              \"value\": \"<Error: Too many levels of nesting to fake this schema>\"\n            },\n            {\n              \"value\": \"<Error: Too many levels of nesting to fake this schema>\"\n            }\n          ],\n          \"id\": \"urn:uuid:7133d553-d5bb-a4bc-3420-b13284f8962a\"\n        }\n      ],\n      \"fileCreatedAt\": \"1947-10-11T02:53:48.218Z\",\n      \"fileModifiedAt\": \"1956-09-14T20:29:13.225Z\",\n      \"fileSizeInBytes\": -85551750,\n      \"fileVersion\": -90147176,\n      \"addedAt\": \"1979-10-26T01:06:23.420Z\",\n      \"addedById\": \"f8daaa51-dce6-3854-f595-3b20128573f8\",\n      \"updatedAt\": \"1979-10-28T17:53:44.473Z\",\n      \"updatedById\": \"3abd8ccc-c804-8f3e-38be-8a62caee58af\",\n      \"id\": \"urn:uuid:86f4648d-db2f-eb6a-1ae3-4e7aabe9dea7\"\n    }\n  ],\n  \"hasCustomPreviewImage\": false,\n  \"loads\": [\n    {\n      \"contentId\": \"34d57eeb-91fe-f7ab-b372-fe08e77871a6\",\n      \"searchId\": \"urn:uuid:7975a3f3-47b4-52ab-558f-fdc2173d4f64\",\n      \"documentId\": \"c4e87074-0151-afd9-4fbf-d9f96f2537a8\",\n      \"document\": {\n        \"fileName\": \"ea ut in\",\n        \"filePath\": \"nisi pariatur Duis n\",\n        \"type\": \"adipisicing magna consequat ea aliquip\",\n        \"version\": -8238823,\n        \"revitCentralModelFilePath\": \"labore commodo cillum minim exercitation\",\n        \"revitWorkSharingMode\": \"minim incididunt\",\n        \"id\": \"b30a84c9-a42d-034d-5ea0-7760a8b829bf\"\n      },\n      \"loadedAt\": \"1960-12-22T07:24:22.501Z\",\n      \"loadedById\": \"5394d676-9d50-acc9-e8c7-a68d6e57e3f1\",\n      \"loadedBy\": {\n        \"displayName\": \"mol\",\n        \"id\": \"urn:uuid:616fc42a-58f6-5389-79c2-e1117e6b34f3\"\n      },\n      \"id\": \"urn:uuid:c75741bf-7d09-c40f-0c3b-b95954132ed6\"\n    },\n    {\n      \"contentId\": \"urn:uuid:5398827b-ca8f-e05f-39b2-ed0c3e37d483\",\n      \"searchId\": \"urn:uuid:0d15fe89-54fa-ed58-cfbd-5477191c23df\",\n      \"documentId\": \"urn:uuid:42180141-19d1-a532-c886-c68cf79e1dd9\",\n      \"document\": {\n        \"fileName\": \"veniam officia\",\n        \"filePath\": \"aliquip deserunt in dolore voluptate\",\n        \"type\": \"nisi amet\",\n        \"version\": 68668265,\n        \"revitCentralModelFilePath\": \"proident nulla qui deserunt Ut\",\n        \"revitWorkSharingMode\": \"cupidatat esse ut\",\n        \"id\": \"0ba95e8d-2e96-440d-54a4-6bcedd20e4e0\"\n      },\n      \"loadedAt\": \"1952-07-18T10:14:41.714Z\",\n      \"loadedById\": \"69ac1a45-c359-481b-3bea-b66c6b165285\",\n      \"loadedBy\": {\n        \"displayName\": \"eu tempor ipsum occaecat\",\n        \"id\": \"urn:uuid:2e398c4c-65de-5b4e-aa4b-2ad79444ecb8\"\n      },\n      \"id\": \"1540deff-78d3-b8a2-c248-c8665bad5256\"\n    }\n  ],\n  \"location\": \"dolor ex\",\n  \"name\": \"labore anim nostrud minim officia\",\n  \"organizationId\": \"eee9413f-edf6-8a7b-3cf7-5e79a5f76b29\",\n  \"previewImageUri\": \"fugiat veniam amet do\",\n  \"reviews\": [\n    {\n      \"contentId\": \"urn:uuid:7e15304d-6a83-db06-f5e1-a36457d5ec93\",\n      \"rating\": -55043208,\n      \"comment\": \"labore irure quis qui aliquip\",\n      \"addedAt\": \"1969-01-29T06:16:58.598Z\",\n      \"addedById\": \"d001b763-fe1c-e51e-2aca-f800db380d1d\",\n      \"addedBy\": {\n        \"displayName\": \"ipsum voluptate\",\n        \"id\": \"4da82605-b1f7-2ca4-b399-ea0ad30fd9b6\"\n      },\n      \"updatedAt\": \"1971-11-18T14:25:45.840Z\",\n      \"updatedById\": \"9971b7e0-2732-acaa-f35b-262f8e120884\",\n      \"updatedBy\": {\n        \"displayName\": \"irure ad esse\",\n        \"id\": \"urn:uuid:a73f4a8c-8194-573f-af6f-c5534bf8df90\"\n      },\n      \"id\": \"66ec0433-ae56-9689-c628-d7cf49692f95\"\n    },\n    {\n      \"contentId\": \"urn:uuid:5a8ba183-c34f-a7ba-a909-a7233918d453\",\n      \"rating\": -31945038,\n      \"comment\": \"ipsum ex\",\n      \"addedAt\": \"1985-06-11T00:12:55.218Z\",\n      \"addedById\": \"urn:uuid:e32dcca3-0393-6752-68db-0fc142d24813\",\n      \"addedBy\": {\n        \"displayName\": \"dolore cupidatat pariatur elit\",\n        \"id\": \"94396783-12b8-5145-15d6-0cadc7f1078c\"\n      },\n      \"updatedAt\": \"1975-06-23T11:39:35.010Z\",\n      \"updatedById\": \"1819dfd9-505b-0b86-c438-0c0fbe940f92\",\n      \"updatedBy\": {\n        \"displayName\": \"adipisicing amet Duis do commodo\",\n        \"id\": \"38fae4e0-ea4d-9c8b-84d7-6b93eac463ac\"\n      },\n      \"id\": \"urn:uuid:e2669ee3-5ee5-b266-09c5-bc97f4e3c853\"\n    }\n  ],\n  \"revisions\": [\n    {\n      \"contentId\": \"7e38901f-9b85-f3c6-e73c-db771d88f89e\",\n      \"comment\": \"veniam\",\n      \"revisedAt\": \"1972-12-02T00:06:37.677Z\",\n      \"revisedById\": \"716d2174-3b8a-25b6-61a1-0ba9d83e4bcd\",\n      \"revisedBy\": {\n        \"displayName\": \"velit Duis elit deserunt\",\n        \"id\": \"0590dc6d-307c-9213-db58-3e8bd125144d\"\n      },\n      \"id\": \"ce187152-6064-fddb-0396-6a8fa8b5130f\"\n    },\n    {\n      \"contentId\": \"93909ca5-7443-c660-deab-ea763a612078\",\n      \"comment\": \"mollit\",\n      \"revisedAt\": \"1956-04-13T01:20:50.174Z\",\n      \"revisedById\": \"af114fcf-67c6-6265-0bd7-82204452009f\",\n      \"revisedBy\": {\n        \"displayName\": \"ex co\",\n        \"id\": \"833a1825-f08a-3324-e09e-1c8063090ab3\"\n      },\n      \"id\": \"urn:uuid:d8316615-705a-7a0e-8c92-353ee1ec6401\"\n    }\n  ],\n  \"category\": {\n    \"id\": -24174415,\n    \"name\": \"officia\"\n  },\n  \"source\": \"reprehenderit aute laboris deserunt\",\n  \"type\": \"cillum occaecat esse\",\n  \"revitFamilyHostType\": \"officia exercitation quis\",\n  \"favoritedUsers\": [\n    {\n      \"userId\": \"41eda344-33c2-676d-12a8-2834a4b9d41b\",\n      \"userName\": \"Duis do\"\n    },\n    {\n      \"userId\": \"urn:uuid:c52dc633-d054-0a41-2e65-4c71d095e477\",\n      \"userName\": \"aute\"\n    }\n  ],\n  \"addedAt\": \"1959-10-14T22:10:42.090Z\",\n  \"addedById\": \"af4955cc-1b20-2bc9-edb5-d3daa76edacc\",\n  \"addedBy\": {\n    \"displayName\": \"dolore aliquip ut pariatur\",\n    \"id\": \"8a11c834-048c-139a-fa69-58633ab01f4d\"\n  },\n  \"updatedAt\": \"1966-09-16T20:56:04.001Z\",\n  \"updatedById\": \"urn:uuid:6b630e85-6caa-4ce4-5769-a36515ce75ec\",\n  \"updatedBy\": {\n    \"displayName\": \"elit\",\n    \"id\": \"63499fa2-1e21-70bb-8216-508d3a5a842f\"\n  },\n  \"id\": \"62dc76a0-4342-d277-aa1f-fe4649e89763\"\n}"
						}
					]
				},
				{
					"name": "Get libraries by organization",
					"request": {
						"method": "GET",
						"header": [
							{
								"key": "Accept",
								"value": "text/plain"
							}
						],
						"url": {
							"raw": "{{baseUrl}}/reports/libraries?reportsKey={{reportsKey}}&page=1&pageSize=1000",
							"host": [
								"{{baseUrl}}"
							],
							"path": [
								"reports",
								"libraries"
							],
							"query": [
								{
									"key": "reportsKey",
									"value": "{{reportsKey}}",
									"description": "(Required) Organization-specific key obtained from CTC"
								},
								{
									"key": "page",
									"value": "1",
									"description": "Page of results"
								},
								{
									"key": "pageSize",
									"value": "1000",
									"description": "Number of results per page"
								},
								{
									"key": "orderBy",
									"value": "UpdatedAt",
									"description": "Field by which to order the results",
									"disabled": true
								},
								{
									"key": "orderByDescending",
									"value": "true",
									"description": "Whether results should be returned in descending order based on the 'orderBy' parameter",
									"disabled": true
								}
							]
						}
					},
					"response": [
						{
							"name": "Success",
							"originalRequest": {
								"method": "GET",
								"header": [],
								"url": {
									"raw": "{{baseUrl}}/reports/libraries?reportsKey=<uuid>&orderBy=UpdatedAt&page=1&pageSize=1000&orderByDescending=false",
									"host": [
										"{{baseUrl}}"
									],
									"path": [
										"reports",
										"libraries"
									],
									"query": [
										{
											"key": "reportsKey",
											"value": "<uuid>"
										},
										{
											"key": "orderBy",
											"value": "UpdatedAt"
										},
										{
											"key": "page",
											"value": "1"
										},
										{
											"key": "pageSize",
											"value": "1000"
										},
										{
											"key": "orderByDescending",
											"value": "true"
										}
									]
								}
							},
							"status": "OK",
							"code": 200,
							"_postman_previewlanguage": "json",
							"header": [
								{
									"key": "Content-Type",
									"value": "application/json"
								}
							],
							"cookie": [],
							"body": "{\n  \"totalItems\": -12065186,\n  \"items\": [\n    {\n      \"id\": \"1ea26d0f-d649-3a32-ac93-4f5f1b7753bb\",\n      \"name\": \"ut commodo Ut in\",\n      \"organizationId\": \"urn:uuid:13c5499d-535f-2e46-6e30-10fc53021077\",\n      \"type\": \"sed tempor\",\n      \"defaultRole\": \"et officia esse magna Ut\",\n      \"description\": \"qui nisi ad cupidatat\",\n      \"uploadContent\": true,\n      \"imageUri\": \"dolore culpa ipsum\",\n      \"addedAt\": \"2013-03-13T06:33:53.346Z\",\n      \"addedById\": \"186e1cbb-8acd-5e2b-953e-21a79ce78633\",\n      \"updatedAt\": \"1944-06-22T10:37:16.594Z\",\n      \"updatedById\": \"71010fe9-2c3f-1c55-4042-c0ea7b033952\"\n    },\n    {\n      \"id\": \"urn:uuid:f1984f45-5eff-9a8c-564d-b4121dbf76a1\",\n      \"name\": \"amet id aute\",\n      \"organizationId\": \"804b8308-79ce-4456-79e7-852f64fd83be\",\n      \"type\": \"et\",\n      \"defaultRole\": \"amet nisi ullamco\",\n      \"description\": \"ipsum fugiat minim\",\n      \"uploadContent\": false,\n      \"imageUri\": \"labore magna\",\n      \"addedAt\": \"1975-12-20T13:42:16.838Z\",\n      \"addedById\": \"urn:uuid:d021fe4f-457a-f193-cd70-232b2cf24ac0\",\n      \"updatedAt\": \"1985-06-12T05:50:02.654Z\",\n      \"updatedById\": \"urn:uuid:8d2b46af-ca19-35d7-4cd0-3cdfec997d59\"\n    }\n  ]\n}"
						}
					]
				},
				{
					"name": "Get library by library id",
					"request": {
						"method": "GET",
						"header": [
							{
								"key": "Accept",
								"value": "text/plain"
							}
						],
						"url": {
							"raw": "{{baseUrl}}/reports/library?reportsKey={{reportsKey}}&libraryId=<guid>",
							"host": [
								"{{baseUrl}}"
							],
							"path": [
								"reports",
								"library"
							],
							"query": [
								{
									"key": "reportsKey",
									"value": "{{reportsKey}}",
									"description": "(Required) Organization-specific key obtained from CTC"
								},
								{
									"key": "libraryId",
									"value": "<guid>",
									"description": "(Required) Id of library to return record for"
								},
								{
									"key": "includePermissions",
									"value": "true",
									"description": "Whether to include library permissions",
									"disabled": true
								},
								{
									"key": "includeContents",
									"value": "true",
									"description": "Whether to include associated contents",
									"disabled": true
								},
								{
									"key": "includeUsers",
									"value": "true",
									"description": "Whether to include library added/updated-by-user info",
									"disabled": true
								}
							]
						}
					},
					"response": [
						{
							"name": "Success",
							"originalRequest": {
								"method": "GET",
								"header": [],
								"url": {
									"raw": "{{baseUrl}}/reports/library?reportsKey=<uuid>&libraryId=<uuid>&includePermissions=false&includeContents=false&includeUsers=false",
									"host": [
										"{{baseUrl}}"
									],
									"path": [
										"reports",
										"library"
									],
									"query": [
										{
											"key": "reportsKey",
											"value": "<uuid>"
										},
										{
											"key": "libraryId",
											"value": "<uuid>"
										},
										{
											"key": "includePermissions",
											"value": "true"
										},
										{
											"key": "includeContents",
											"value": "true"
										},
										{
											"key": "includeUsers",
											"value": "true"
										}
									]
								}
							},
							"status": "OK",
							"code": 200,
							"_postman_previewlanguage": "json",
							"header": [
								{
									"key": "Content-Type",
									"value": "application/json"
								}
							],
							"cookie": [],
							"body": "{\n  \"name\": \"qui\",\n  \"organizationId\": \"a2dc60ec-03dc-15f9-814a-77ab19999a8f\",\n  \"type\": \"consequat\",\n  \"defaultRole\": \"qui aute culpa\",\n  \"description\": \"proident eu\",\n  \"uploadContent\": true,\n  \"imageUri\": \"deserunt officia laborum ad\",\n  \"requirePurchase\": true,\n  \"subscriptionPrice\": -59000769.46115589,\n  \"permissions\": [\n    {\n      \"libraryId\": \"ae27148f-f72a-8854-652c-e6c6f730b27f\",\n      \"librarySubscriptionId\": \"fe3149af-2874-be2a-aef3-7d77e72e223e\",\n      \"resourceId\": \"urn:uuid:0efb8caa-e633-7420-afd9-b8ead888711f\",\n      \"resourceType\": \"magna irure\",\n      \"resourceSource\": \"elit non est\",\n      \"role\": \"culpa esse dolor sit\",\n      \"addedAt\": \"1943-06-28T22:15:08.352Z\",\n      \"addedById\": \"urn:uuid:aac46ec6-d90e-855c-0b91-27ec57f5eaf9\",\n      \"addedBy\": {\n        \"displayName\": \"exercitation consectetur\",\n        \"id\": \"urn:uuid:ab4f4fe7-0c7f-d782-2bb1-67adcca0a54a\"\n      },\n      \"updatedAt\": \"1979-09-10T02:20:45.710Z\",\n      \"updatedById\": \"urn:uuid:4a92dd66-341e-c323-4823-27997d6154af\",\n      \"updatedBy\": {\n        \"displayName\": \"elit irure nisi labore cillum\",\n        \"id\": \"3ba1294f-af42-c6c7-8e27-80db37f2f5a8\"\n      },\n      \"id\": \"933c2cf1-b6f9-2bec-d398-f489c61aa6a7\"\n    },\n    {\n      \"libraryId\": \"90ef1503-f29d-87bd-147e-864ae6749155\",\n      \"librarySubscriptionId\": \"b26ff29b-da80-bbf7-390b-c885c016ebad\",\n      \"resourceId\": \"8f6d3206-5412-65bc-9e78-bd1d5363bc7f\",\n      \"resourceType\": \"voluptate commodo\",\n      \"resourceSource\": \"et Excepteur\",\n      \"role\": \"ullamco eu occaecat\",\n      \"addedAt\": \"1973-07-06T16:01:43.833Z\",\n      \"addedById\": \"urn:uuid:250ad26f-9247-040a-742e-ef882f1a07b7\",\n      \"addedBy\": {\n        \"displayName\": \"adipi\",\n        \"id\": \"6e60cd87-2b19-e715-dbf5-a87c573d9376\"\n      },\n      \"updatedAt\": \"2012-04-04T02:52:53.980Z\",\n      \"updatedById\": \"urn:uuid:87409e0f-7488-8a9d-17b4-933211906a80\",\n      \"updatedBy\": {\n        \"displayName\": \"tempor voluptate veniam Duis laborum\",\n        \"id\": \"93306c9d-3b45-9707-c0e6-270a416c36bc\"\n      },\n      \"id\": \"urn:uuid:ad294c93-bd8f-c15c-d58e-9b28517ac9d7\"\n    }\n  ],\n  \"contentIds\": [\n    \"6fb8b05e-6df8-f373-bc46-dff83bef2336\",\n    \"301a625d-becd-9fd9-fda5-d29f118329be\"\n  ],\n  \"addedAt\": \"1964-05-30T01:38:58.293Z\",\n  \"addedById\": \"urn:uuid:fdd42681-4933-4a8f-995d-2753ffd03624\",\n  \"addedBy\": {\n    \"displayName\": \"in\",\n    \"id\": \"1b2d150c-22a0-e759-de33-269dfe077f9f\"\n  },\n  \"updatedAt\": \"2005-04-24T19:19:06.345Z\",\n  \"updatedById\": \"0d5387c2-8398-3c80-e763-3b15772ef295\",\n  \"updatedBy\": {\n    \"displayName\": \"fugiat cupidatat magna\",\n    \"id\": \"00947fc9-7aef-0874-2419-d06fb44ea584\"\n  },\n  \"id\": \"urn:uuid:beaccd38-5408-daaa-9eca-f5c2f17d15cb\"\n}"
						}
					]
				},
				{
					"name": "Get tags by organization",
					"request": {
						"method": "GET",
						"header": [
							{
								"key": "Accept",
								"value": "text/plain"
							}
						],
						"url": {
							"raw": "{{baseUrl}}/reports/tags?reportsKey={{reportsKey}}&page=1&pageSize=1000",
							"host": [
								"{{baseUrl}}"
							],
							"path": [
								"reports",
								"tags"
							],
							"query": [
								{
									"key": "reportsKey",
									"value": "{{reportsKey}}",
									"description": "(Required) Organization-specific key obtained from CTC"
								},
								{
									"key": "page",
									"value": "1",
									"description": "Page of results"
								},
								{
									"key": "pageSize",
									"value": "1000",
									"description": "Number of results per page"
								},
								{
									"key": "orderBy",
									"value": "UpdatedAt",
									"description": "Field by which to order the results",
									"disabled": true
								},
								{
									"key": "orderByDescending",
									"value": "true",
									"description": "Whether results should be returned in descending order based on the 'orderBy' parameter",
									"disabled": true
								}
							]
						}
					},
					"response": [
						{
							"name": "Success",
							"originalRequest": {
								"method": "GET",
								"header": [],
								"url": {
									"raw": "{{baseUrl}}/reports/tags?reportsKey=<uuid>&orderBy=UpdatedAt&page=1&pageSize=1000&orderByDescending=false",
									"host": [
										"{{baseUrl}}"
									],
									"path": [
										"reports",
										"tags"
									],
									"query": [
										{
											"key": "reportsKey",
											"value": "<uuid>"
										},
										{
											"key": "orderBy",
											"value": "UpdatedAt"
										},
										{
											"key": "page",
											"value": "1"
										},
										{
											"key": "pageSize",
											"value": "1000"
										},
										{
											"key": "orderByDescending",
											"value": "true"
										}
									]
								}
							},
							"status": "OK",
							"code": 200,
							"_postman_previewlanguage": "json",
							"header": [
								{
									"key": "Content-Type",
									"value": "application/json"
								}
							],
							"cookie": [],
							"body": "{\n  \"totalItems\": -80787865,\n  \"items\": [\n    {\n      \"id\": \"urn:uuid:94d1337a-d7a3-a0ce-7a62-43d2814b5efd\",\n      \"addedAt\": \"1973-08-29T08:00:01.035Z\",\n      \"addedById\": \"urn:uuid:3ca25b6e-0c20-12bb-4a17-26cc5ed5d189\",\n      \"updatedAt\": \"1944-04-12T07:29:49.735Z\",\n      \"updatedById\": \"urn:uuid:0b061a8d-d0fb-b81d-ee0d-33d0dd6e8e45\",\n      \"name\": \"Duis labore aute dolore enim\",\n      \"organizationId\": \"urn:uuid:8797be2e-1f8e-4645-443c-c349aeac77fb\",\n      \"description\": \"voluptate ipsum elit nostrud mollit\"\n    },\n    {\n      \"id\": \"aae8ddd4-5293-0729-e355-8052182b9bf2\",\n      \"addedAt\": \"1958-05-16T19:35:37.151Z\",\n      \"addedById\": \"97c4b9fe-d461-8ef7-a1ec-c46985ac5056\",\n      \"updatedAt\": \"1960-12-10T14:51:54.392Z\",\n      \"updatedById\": \"urn:uuid:a70c5b25-91eb-6087-d703-7660de77b533\",\n      \"name\": \"esse quis laborum\",\n      \"organizationId\": \"urn:uuid:e9b55a4d-d657-2818-78cb-5fd176e13ad8\",\n      \"description\": \"nulla pariatur in\"\n    }\n  ]\n}"
						}
					]
				},
				{
					"name": "Get tags by tag id",
					"request": {
						"method": "GET",
						"header": [
							{
								"key": "Accept",
								"value": "text/plain"
							}
						],
						"url": {
							"raw": "{{baseUrl}}/reports/tag?reportsKey={{reportsKey}}&tagId=<guid>",
							"host": [
								"{{baseUrl}}"
							],
							"path": [
								"reports",
								"tag"
							],
							"query": [
								{
									"key": "reportsKey",
									"value": "{{reportsKey}}",
									"description": "(Required) Organization-specific key obtained from CTC"
								},
								{
									"key": "tagId",
									"value": "<guid>",
									"description": "(Required) Id of tag to return record for"
								},
								{
									"key": "includeContents",
									"value": "true",
									"description": "Whether to include associated contents",
									"disabled": true
								},
								{
									"key": "includeUsers",
									"value": "true",
									"description": "Whether to include tag added/updated-by-user info",
									"disabled": true
								}
							]
						}
					},
					"response": [
						{
							"name": "Success",
							"originalRequest": {
								"method": "GET",
								"header": [],
								"url": {
									"raw": "{{baseUrl}}/reports/tag?reportsKey=<uuid>&tagId=<uuid>&includeContents=false&includeUsers=false",
									"host": [
										"{{baseUrl}}"
									],
									"path": [
										"reports",
										"tag"
									],
									"query": [
										{
											"key": "reportsKey",
											"value": "<uuid>"
										},
										{
											"key": "tagId",
											"value": "<uuid>"
										},
										{
											"key": "includeContents",
											"value": "true"
										},
										{
											"key": "includeUsers",
											"value": "true"
										}
									]
								}
							},
							"status": "OK",
							"code": 200,
							"_postman_previewlanguage": "json",
							"header": [
								{
									"key": "Content-Type",
									"value": "application/json"
								}
							],
							"cookie": [],
							"body": "{\n  \"name\": \"Lorem velit Excepteur ad\",\n  \"organizationId\": \"urn:uuid:8e9844ee-3c1e-ab70-72ef-97e3c9491b12\",\n  \"description\": \"eiusmod\",\n  \"contentIds\": [\n    \"353a50c0-f444-5ff3-1dcf-60a1afdd0b12\",\n    \"df0c62bf-6d01-6106-24fe-a656bd38835f\"\n  ],\n  \"addedAt\": \"1944-11-05T20:26:03.797Z\",\n  \"addedById\": \"urn:uuid:0d9ea80e-3254-17fe-4b49-63c8cf69460c\",\n  \"addedBy\": {\n    \"displayName\": \"eiusmod Excepteur quis adipi\",\n    \"id\": \"urn:uuid:b3efb9d8-3c80-32f9-13ef-5dbfa2216bfc\"\n  },\n  \"updatedAt\": \"2015-05-24T15:06:44.005Z\",\n  \"updatedById\": \"urn:uuid:4669f51a-d084-7ad9-d496-061fe811df46\",\n  \"updatedBy\": {\n    \"displayName\": \"incididunt in Lorem\",\n    \"id\": \"7b26c2ed-61e4-a653-2538-435634db674a\"\n  },\n  \"id\": \"bcc89aab-e0e7-8194-8445-9e283c6cdb94\"\n}"
						}
					]
				},
				{
					"name": "Get saved searches by organization",
					"request": {
						"method": "GET",
						"header": [
							{
								"key": "Accept",
								"value": "text/plain"
							}
						],
						"url": {
							"raw": "{{baseUrl}}/reports/saved-searches?reportsKey={{reportsKey}}&page=1&pageSize=1000",
							"host": [
								"{{baseUrl}}"
							],
							"path": [
								"reports",
								"saved-searches"
							],
							"query": [
								{
									"key": "reportsKey",
									"value": "{{reportsKey}}",
									"description": "(Required) Organization-specific key obtained from CTC"
								},
								{
									"key": "page",
									"value": "1",
									"description": "Page of results"
								},
								{
									"key": "pageSize",
									"value": "1000",
									"description": "Number of results per page"
								},
								{
									"key": "orderBy",
									"value": "Name",
									"description": "Field by which to order the results",
									"disabled": true
								},
								{
									"key": "orderByDescending",
									"value": "true",
									"description": "Whether results should be returned in descending order based on the 'orderBy' parameter",
									"disabled": true
								}
							]
						}
					},
					"response": [
						{
							"name": "Success",
							"originalRequest": {
								"method": "GET",
								"header": [],
								"url": {
									"raw": "{{baseUrl}}/reports/saved-searches?reportsKey=<uuid>&orderBy=Name&page=1&pageSize=1000&orderByDescending=false",
									"host": [
										"{{baseUrl}}"
									],
									"path": [
										"reports",
										"saved-searches"
									],
									"query": [
										{
											"key": "reportsKey",
											"value": "<uuid>"
										},
										{
											"key": "orderBy",
											"value": "Name"
										},
										{
											"key": "page",
											"value": "1"
										},
										{
											"key": "pageSize",
											"value": "1000"
										},
										{
											"key": "orderByDescending",
											"value": "true"
										}
									]
								}
							},
							"status": "OK",
							"code": 200,
							"_postman_previewlanguage": "json",
							"header": [
								{
									"key": "Content-Type",
									"value": "application/json"
								}
							],
							"cookie": [],
							"body": "{\n  \"totalItems\": -11913401,\n  \"items\": [\n    {\n      \"name\": \"eu velit amet\",\n      \"organizationId\": \"urn:uuid:ca14b54d-4062-87e1-beca-dd6e5609a891\",\n      \"query\": \"aliquip dolor tempor enim\",\n      \"description\": \"deserunt dolor\",\n      \"scope\": \"do elit\",\n      \"sortBy\": \"laborum aliquip sed quis\",\n      \"sortDirection\": \"non nisi eu consectetur\",\n      \"fileVersions\": \"minim ea in\",\n      \"displayUnits\": \"aliqua sit\",\n      \"minAvgRating\": -4755129,\n      \"addedStartDate\": \"1998-02-23T08:57:32.874Z\",\n      \"addedEndDate\": \"1985-12-22T08:44:41.140Z\",\n      \"addedByUser\": \"reprehenderit Ut\",\n      \"updateStartDate\": \"1991-02-16T22:33:28.092Z\",\n      \"updatedEndDate\": \"1969-11-23T04:08:28.923Z\",\n      \"updatedByUser\": \"labore non\",\n      \"filterContentByNotTagged\": true,\n      \"fileExtensions\": \"ex Excepteur voluptate proident\",\n      \"revitFamilyHostTypes\": \"laborum minim fugiat\",\n      \"savedSearchTags\": [\n        {\n          \"savedSearchId\": \"11add149-8a2d-f5e5-99c7-afd14de228a5\",\n          \"tagId\": \"urn:uuid:3a68e0a1-4dad-c5d5-dd5a-ec39e4c49bfe\",\n          \"tag\": {\n            \"value\": \"<Error: Too many levels of nesting to fake this schema>\"\n          }\n        },\n        {\n          \"savedSearchId\": \"9d3fc725-6fe0-cbbd-3072-b2740d4f2637\",\n          \"tagId\": \"d043182a-eb81-1f66-d66b-c87444e3da92\",\n          \"tag\": {\n            \"value\": \"<Error: Too many levels of nesting to fake this schema>\"\n          }\n        }\n      ],\n      \"savedSearchLibraries\": [\n        {\n          \"savedSearchId\": \"46ef3e8f-8879-90f6-c1c6-3a9df86944b7\",\n          \"libraryId\": \"urn:uuid:62b57b69-0512-bd92-49cc-71dc12fd89a7\",\n          \"library\": {\n            \"value\": \"<Error: Too many levels of nesting to fake this schema>\"\n          }\n        },\n        {\n          \"savedSearchId\": \"afaf15a3-34c4-767b-7d34-a2ebfd5d4363\",\n          \"libraryId\": \"urn:uuid:f8339078-6cf5-c2a5-d5fa-391f863fbabc\",\n          \"library\": {\n            \"value\": \"<Error: Too many levels of nesting to fake this schema>\"\n          }\n        }\n      ],\n      \"permissions\": [\n        {\n          \"savedSearchId\": \"027b6303-24b9-eef9-38b2-42aabe0040e6\",\n          \"resourceId\": \"urn:uuid:c5f5680a-94c7-4b12-5298-89a603e92d65\",\n          \"resourceType\": \"dolor consectetur est\",\n          \"addedAt\": \"1969-10-23T03:05:00.430Z\",\n          \"addedById\": \"e8dd980e-f77c-f014-7b96-240c7cee8e4f\",\n          \"addedBy\": {\n            \"value\": \"<Error: Too many levels of nesting to fake this schema>\"\n          },\n          \"updatedAt\": \"1949-06-15T14:51:17.997Z\",\n          \"updatedById\": \"urn:uuid:de4a404f-6c67-85f2-64b7-675489f42f3a\",\n          \"updatedBy\": {\n            \"value\": \"<Error: Too many levels of nesting to fake this schema>\"\n          },\n          \"id\": \"urn:uuid:6cba3b58-a0a7-a9dc-6d50-cbb9c8878cb9\"\n        },\n        {\n          \"savedSearchId\": \"29cf39b9-02ad-84f3-fe89-e4be13b01353\",\n          \"resourceId\": \"b0fc04a3-3921-f168-b049-b17c487a304f\",\n          \"resourceType\": \"deserunt id nostrud\",\n          \"addedAt\": \"1986-10-23T19:25:09.315Z\",\n          \"addedById\": \"urn:uuid:36ea38d4-c530-9496-4c11-5be398fc0ba2\",\n          \"addedBy\": {\n            \"value\": \"<Error: Too many levels of nesting to fake this schema>\"\n          },\n          \"updatedAt\": \"2019-09-24T23:21:45.324Z\",\n          \"updatedById\": \"fbd482af-c83d-6393-2423-254db7923f99\",\n          \"updatedBy\": {\n            \"value\": \"<Error: Too many levels of nesting to fake this schema>\"\n          },\n          \"id\": \"urn:uuid:5be86ff0-6a90-ba94-5f62-c400d6e513c3\"\n        }\n      ],\n      \"sources\": [\n        {\n          \"savedSearchId\": \"9774787d-0ee0-9cf5-b7c4-e7977e6b5238\",\n          \"contentSource\": \"Lorem officia\"\n        },\n        {\n          \"savedSearchId\": \"7c2f62a8-c287-d163-fc65-821c0557ade7\",\n          \"contentSource\": \"non Excepteur et Ut dolor\"\n        }\n      ],\n      \"categories\": [\n        {\n          \"savedSearchId\": \"urn:uuid:42dfec5d-0ddf-d7e0-1c65-318ea347210f\",\n          \"category\": {\n            \"value\": \"<Error: Too many levels of nesting to fake this schema>\"\n          }\n        },\n        {\n          \"savedSearchId\": \"urn:uuid:40c491ca-07b8-caf6-b243-e92c903f6e22\",\n          \"category\": {\n            \"value\": \"<Error: Too many levels of nesting to fake this schema>\"\n          }\n        }\n      ],\n      \"addedAt\": \"2004-03-18T21:29:20.938Z\",\n      \"addedById\": \"d3a3743f-f41b-0179-6f3f-b4f2090ad2c0\",\n      \"addedBy\": {\n        \"displayName\": \"cupidatat ea venia\",\n        \"id\": \"ead69f4b-7ac8-9f30-e357-8440de0f0256\"\n      },\n      \"updatedAt\": \"2021-02-11T22:28:31.047Z\",\n      \"updatedById\": \"urn:uuid:562ffd0e-f001-f655-d0bf-d91e3717c340\",\n      \"updatedBy\": {\n        \"displayName\": \"sunt\",\n        \"id\": \"urn:uuid:e5b58ae5-51cb-1a41-826d-3e2980a31c0a\"\n      },\n      \"id\": \"urn:uuid:91217e46-b74b-5ac5-67a1-519d42481be7\"\n    },\n    {\n      \"name\": \"velit laborum\",\n      \"organizationId\": \"urn:uuid:daf078eb-997f-fc46-9fe3-6b8c6f906fc1\",\n      \"query\": \"ad pariatur ex sunt\",\n      \"description\": \"non Excepteur\",\n      \"scope\": \"aliqua labore ut consectetur nostrud\",\n      \"sortBy\": \"irure Ut minim proident\",\n      \"sortDirection\": \"Excepteur velit amet qui\",\n      \"fileVersions\": \"ad proident\",\n      \"displayUnits\": \"Ut ex exerci\",\n      \"minAvgRating\": -36840248,\n      \"addedStartDate\": \"1982-01-07T08:02:17.607Z\",\n      \"addedEndDate\": \"1978-03-31T14:40:34.834Z\",\n      \"addedByUser\": \"cillum irure\",\n      \"updateStartDate\": \"1954-09-11T19:57:14.607Z\",\n      \"updatedEndDate\": \"2016-09-03T01:43:02.640Z\",\n      \"updatedByUser\": \"in ea do sit\",\n      \"filterContentByNotTagged\": false,\n      \"fileExtensions\": \"ut cillum\",\n      \"revitFamilyHostTypes\": \"pariatur elit\",\n      \"savedSearchTags\": [\n        {\n          \"savedSearchId\": \"69772fda-161a-c6b7-798d-dc6cec9df66e\",\n          \"tagId\": \"urn:uuid:6a7303b2-894a-9c2f-f10b-f0d5f936edc7\",\n          \"tag\": {\n            \"value\": \"<Error: Too many levels of nesting to fake this schema>\"\n          }\n        },\n        {\n          \"savedSearchId\": \"urn:uuid:0e279201-8089-607a-4cc0-943be322f620\",\n          \"tagId\": \"urn:uuid:110344db-8c8a-497c-e08c-90cf9fd926aa\",\n          \"tag\": {\n            \"value\": \"<Error: Too many levels of nesting to fake this schema>\"\n          }\n        }\n      ],\n      \"savedSearchLibraries\": [\n        {\n          \"savedSearchId\": \"urn:uuid:82304a6f-8906-3fb3-1d85-0683b51334cd\",\n          \"libraryId\": \"urn:uuid:62cf953d-f503-3640-8a44-c31e42feb363\",\n          \"library\": {\n            \"value\": \"<Error: Too many levels of nesting to fake this schema>\"\n          }\n        },\n        {\n          \"savedSearchId\": \"urn:uuid:60268327-6a5b-e2bb-43f4-f93844dd0105\",\n          \"libraryId\": \"b575f398-6244-aade-56e4-5069a1693799\",\n          \"library\": {\n            \"value\": \"<Error: Too many levels of nesting to fake this schema>\"\n          }\n        }\n      ],\n      \"permissions\": [\n        {\n          \"savedSearchId\": \"3cec714f-0c40-b6dc-62fa-31ebe255f5c8\",\n          \"resourceId\": \"urn:uuid:1caddd90-4b54-0177-531d-1f39424be197\",\n          \"resourceType\": \"amet ut do\",\n          \"addedAt\": \"1970-08-02T08:58:12.589Z\",\n          \"addedById\": \"77ac9658-996e-6d68-73a8-076d22869b85\",\n          \"addedBy\": {\n            \"value\": \"<Error: Too many levels of nesting to fake this schema>\"\n          },\n          \"updatedAt\": \"1988-11-13T19:34:21.342Z\",\n          \"updatedById\": \"c7fe5e82-fc29-e34e-1f62-8c039e94a866\",\n          \"updatedBy\": {\n            \"value\": \"<Error: Too many levels of nesting to fake this schema>\"\n          },\n          \"id\": \"5effa6a4-8029-ef64-bd39-982b16beac7b\"\n        },\n        {\n          \"savedSearchId\": \"urn:uuid:f7252bae-d762-a39f-54f7-9e5807ea5185\",\n          \"resourceId\": \"82e9464d-ab95-5cfe-61fa-1ef82759064f\",\n          \"resourceType\": \"aliqua eu Duis dolore\",\n          \"addedAt\": \"2004-10-05T09:26:41.723Z\",\n          \"addedById\": \"36de6cde-493a-7bad-5b43-a51710a5a2e8\",\n          \"addedBy\": {\n            \"value\": \"<Error: Too many levels of nesting to fake this schema>\"\n          },\n          \"updatedAt\": \"1943-08-15T23:49:25.377Z\",\n          \"updatedById\": \"6d4f8875-e6aa-c7fc-4f61-3b961ee1a73f\",\n          \"updatedBy\": {\n            \"value\": \"<Error: Too many levels of nesting to fake this schema>\"\n          },\n          \"id\": \"urn:uuid:095ecaf6-63b4-5255-5cd7-7781bc110a94\"\n        }\n      ],\n      \"sources\": [\n        {\n          \"savedSearchId\": \"urn:uuid:211481e3-3be0-75c7-e527-b949c3229573\",\n          \"contentSource\": \"amet ut voluptate cupidatat ex\"\n        },\n        {\n          \"savedSearchId\": \"1115df5d-9268-1fcc-8309-72d2baebd328\",\n          \"contentSource\": \"aliquip sint ipsum eiusm\"\n        }\n      ],\n      \"categories\": [\n        {\n          \"savedSearchId\": \"urn:uuid:4f7cf893-47d6-5e59-06a4-d31b1e1eed02\",\n          \"category\": {\n            \"value\": \"<Error: Too many levels of nesting to fake this schema>\"\n          }\n        },\n        {\n          \"savedSearchId\": \"urn:uuid:35d47f45-90ba-29fa-bc25-e40803c46393\",\n          \"category\": {\n            \"value\": \"<Error: Too many levels of nesting to fake this schema>\"\n          }\n        }\n      ],\n      \"addedAt\": \"1996-10-11T20:36:42.683Z\",\n      \"addedById\": \"urn:uuid:8473faf0-8d17-bc07-b525-c21d623bdda6\",\n      \"addedBy\": {\n        \"displayName\": \"voluptate Ut labore et reprehen\",\n        \"id\": \"urn:uuid:9a5b0700-b9d2-b13e-42d4-09d54ed93a77\"\n      },\n      \"updatedAt\": \"2006-06-09T23:42:38.930Z\",\n      \"updatedById\": \"08b961c5-feb3-0edb-cf81-f3d5ccd88882\",\n      \"updatedBy\": {\n        \"displayName\": \"Lorem Duis labore culpa\",\n        \"id\": \"60b07a09-2839-fc35-ec2d-ae2d16d44571\"\n      },\n      \"id\": \"690d857b-9658-f367-7db8-a3c93443ab26\"\n    }\n  ]\n}"
						}
					]
				},
				{
					"name": "Get searches by organization",
					"request": {
						"method": "GET",
						"header": [
							{
								"key": "Accept",
								"value": "text/plain"
							}
						],
						"url": {
							"raw": "{{baseUrl}}/reports/searches?reportsKey={{reportsKey}}&searchedAt=<yyyy-mm-dd>&page=1&pageSize=1000",
							"host": [
								"{{baseUrl}}"
							],
							"path": [
								"reports",
								"searches"
							],
							"query": [
								{
									"key": "reportsKey",
									"value": "{{reportsKey}}",
									"description": "(Required) Organization-specific key obtained from CTC"
								},
								{
									"key": "searchedAt",
									"value": "<yyyy-mm-dd>",
									"description": "(Required) Date cutoff after which to return results"
								},
								{
									"key": "page",
									"value": "1",
									"description": "Page of results"
								},
								{
									"key": "pageSize",
									"value": "1000",
									"description": "Number of results per page"
								},
								{
									"key": "orderBy",
									"value": "SearchedAt",
									"description": "Field by which to order the results",
									"disabled": true
								},
								{
									"key": "orderByDescending",
									"value": "true",
									"description": "Whether results should be returned in descending order based on the 'orderBy' parameter",
									"disabled": true
								}
							]
						}
					},
					"response": [
						{
							"name": "Success",
							"originalRequest": {
								"method": "GET",
								"header": [],
								"url": {
									"raw": "{{baseUrl}}/reports/searches?reportsKey=<uuid>&searchedAt=<dateTime>&orderBy=SearchedAt&page=1&pageSize=1000&orderByDescending=false",
									"host": [
										"{{baseUrl}}"
									],
									"path": [
										"reports",
										"searches"
									],
									"query": [
										{
											"key": "reportsKey",
											"value": "<uuid>"
										},
										{
											"key": "searchedAt",
											"value": "<dateTime>"
										},
										{
											"key": "orderBy",
											"value": "SearchedAt"
										},
										{
											"key": "page",
											"value": "1"
										},
										{
											"key": "pageSize",
											"value": "1000"
										},
										{
											"key": "orderByDescending",
											"value": "true"
										}
									]
								}
							},
							"status": "OK",
							"code": 200,
							"_postman_previewlanguage": "json",
							"header": [
								{
									"key": "Content-Type",
									"value": "application/json"
								}
							],
							"cookie": [],
							"body": "{\n  \"totalItems\": 79202293,\n  \"items\": [\n    {\n      \"id\": \"urn:uuid:85853cfa-846c-2a2b-c1ee-c6237daaadb2\",\n      \"addedByUser\": \"dolore veniam aliquip\",\n      \"addedEndDate\": \"2007-09-15T01:52:01.001Z\",\n      \"addedStartDate\": \"2022-06-06T01:13:38.727Z\",\n      \"executionTimeInMs\": -7899462,\n      \"hasExplicitLibraryFilter\": false,\n      \"minAvgRating\": -16869349,\n      \"organizationId\": \"4b1c7792-8230-7f58-0654-4b75eaa6e00c\",\n      \"page\": -48712676,\n      \"pageSize\": -87635283,\n      \"query\": \"sit ut amet\",\n      \"resultCount\": -28503654,\n      \"savedSearchId\": \"94620ed4-3eff-a157-1d50-78fdb9620fdb\",\n      \"savedSearchName\": \"labore nostru\",\n      \"searchedAt\": \"1966-04-02T17:03:59.937Z\",\n      \"searchedById\": \"urn:uuid:28291346-0ff3-e3d2-0ce8-56f4d5cfc06a\",\n      \"searchId\": \"d94570e9-3e2d-ddd9-6927-1bf81204635c\",\n      \"fileVersions\": \"magna in\",\n      \"displayUnits\": \"fugiat do commodo et\",\n      \"sortBy\": \"nostrud\",\n      \"sortDirection\": \"Duis consectetur incididunt\",\n      \"updatedByUser\": \"quis minim laboris\",\n      \"updatedEndDate\": \"2008-04-13T07:49:52.936Z\",\n      \"updateStartDate\": \"1991-08-29T18:07:08.740Z\"\n    },\n    {\n      \"id\": \"1bb37b91-f917-aafe-d6e4-e0167ac8a9fb\",\n      \"addedByUser\": \"sint elit ipsum\",\n      \"addedEndDate\": \"1975-01-12T22:18:46.054Z\",\n      \"addedStartDate\": \"1960-12-18T19:44:14.773Z\",\n      \"executionTimeInMs\": 80623801,\n      \"hasExplicitLibraryFilter\": true,\n      \"minAvgRating\": 96298051,\n      \"organizationId\": \"urn:uuid:134b845f-56bf-6cae-c580-abb8c7986bc9\",\n      \"page\": 37009514,\n      \"pageSize\": -15618963,\n      \"query\": \"laboris Lorem veniam ea\",\n      \"resultCount\": -94613918,\n      \"savedSearchId\": \"urn:uuid:081f75c9-a8b6-8225-c882-fd240e2ccdb7\",\n      \"savedSearchName\": \"nulla exercitation velit\",\n      \"searchedAt\": \"1984-07-31T09:55:44.063Z\",\n      \"searchedById\": \"41e22baa-5635-f1fb-9661-0aaa5d3036ee\",\n      \"searchId\": \"4931fec4-7841-c3ce-9020-464011206e91\",\n      \"fileVersions\": \"fugiat anim culpa\",\n      \"displayUnits\": \"culpa\",\n      \"sortBy\": \"laborum laboris consequat tempor\",\n      \"sortDirection\": \"nostru\",\n      \"updatedByUser\": \"commodo culpa incididunt\",\n      \"updatedEndDate\": \"1951-12-15T00:08:14.115Z\",\n      \"updateStartDate\": \"2013-12-09T22:01:06.459Z\"\n    }\n  ]\n}"
						}
					]
				},
				{
					"name": "Get search by search id",
					"request": {
						"method": "GET",
						"header": [
							{
								"key": "Accept",
								"value": "text/plain"
							}
						],
						"url": {
							"raw": "{{baseUrl}}/reports/search?reportsKey={{reportsKey}}&searchId=<guid>",
							"host": [
								"{{baseUrl}}"
							],
							"path": [
								"reports",
								"search"
							],
							"query": [
								{
									"key": "reportsKey",
									"value": "{{reportsKey}}",
									"description": "(Required) Organization-specific key obtained from CTC"
								},
								{
									"key": "searchId",
									"value": "<guid>",
									"description": "(Required) SearchId to return records for"
								},
								{
									"key": "includeResults",
									"value": "true",
									"description": "Whether to include search results",
									"disabled": true
								},
								{
									"key": "includeCategories",
									"value": "true",
									"description": "Whether to include Revit categories",
									"disabled": true
								},
								{
									"key": "includeLibraries",
									"value": "true",
									"description": "Whether to include libraries",
									"disabled": true
								},
								{
									"key": "includeTags",
									"value": "true",
									"description": "Whether to include tags",
									"disabled": true
								},
								{
									"key": "includeSources",
									"value": "true",
									"description": "Whether to include sources",
									"disabled": true
								},
								{
									"key": "includeUsers",
									"value": "true",
									"description": "Whether to include users",
									"disabled": true
								}
							]
						}
					},
					"response": [
						{
							"name": "Success",
							"originalRequest": {
								"method": "GET",
								"header": [],
								"url": {
									"raw": "{{baseUrl}}/reports/search?reportsKey=<uuid>&searchId=<uuid>&includeResults=false&includeCategories=false&includeLibraries=false&includeTags=false&includeSources=false&includeUsers=false",
									"host": [
										"{{baseUrl}}"
									],
									"path": [
										"reports",
										"search"
									],
									"query": [
										{
											"key": "reportsKey",
											"value": "<uuid>"
										},
										{
											"key": "searchId",
											"value": "<uuid>"
										},
										{
											"key": "includeResults",
											"value": "true"
										},
										{
											"key": "includeCategories",
											"value": "true"
										},
										{
											"key": "includeLibraries",
											"value": "true"
										},
										{
											"key": "includeTags",
											"value": "true"
										},
										{
											"key": "includeSources",
											"value": "true"
										},
										{
											"key": "includeUsers",
											"value": "true"
										}
									]
								}
							},
							"status": "OK",
							"code": 200,
							"_postman_previewlanguage": "json",
							"header": [
								{
									"key": "Content-Type",
									"value": "application/json"
								}
							],
							"cookie": [],
							"body": "[\n  {\n    \"addedByUser\": \"ut dolore\",\n    \"addedEndDate\": \"1978-05-16T18:21:46.675Z\",\n    \"addedStartDate\": \"2011-10-18T23:06:19.755Z\",\n    \"executionTimeInMs\": 41847855,\n    \"hasExplicitLibraryFilter\": true,\n    \"minAvgRating\": 57747480,\n    \"organizationId\": \"urn:uuid:effd074c-d8c0-4a51-aa4c-ab9b708efde0\",\n    \"page\": -6893113,\n    \"pageSize\": 27662761,\n    \"query\": \"veniam ea nulla do\",\n    \"resultCount\": 29279608,\n    \"results\": [\n      {\n        \"searchId\": \"1f5cee82-f324-8c12-c423-3554b02c2c19\",\n        \"contentId\": \"9374f20f-63eb-4b41-4682-d99af6fb9832\",\n        \"contentName\": \"et in\"\n      },\n      {\n        \"searchId\": \"urn:uuid:b3f75bf7-86ad-1383-1446-cfda5923ed4e\",\n        \"contentId\": \"72065a90-0c3b-d77a-5d1f-cc6e5b9ad8f3\",\n        \"contentName\": \"fugiat ut sunt\"\n      }\n    ],\n    \"categories\": [\n      {\n        \"searchId\": \"47a4a53e-de8e-6dd7-cce0-b9151a8f94c8\",\n        \"category\": {\n          \"id\": -57208567,\n          \"name\": \"ut irure nulla\"\n        }\n      },\n      {\n        \"searchId\": \"f5bb7351-9641-4dcc-c922-12c916dd7401\",\n        \"category\": {\n          \"id\": 49182387,\n          \"name\": \"in\"\n        }\n      }\n    ],\n    \"savedSearchId\": \"10367789-fe2c-f8f7-bdb2-3db7b304dad2\",\n    \"savedSearchName\": \"pariatur quis Duis enim cupidatat\",\n    \"searchedAt\": \"2005-02-21T08:56:33.692Z\",\n    \"searchedBy\": {\n      \"displayName\": \"ut minim velit\",\n      \"id\": \"urn:uuid:9c521a4f-d502-4b29-f0e5-a2d507914587\"\n    },\n    \"searchedById\": \"f874c428-2be2-0069-8123-bf16de731d4d\",\n    \"searchId\": \"48bebd6f-ea67-f128-03e4-ca71077d49eb\",\n    \"fileVersions\": \"fugiat\",\n    \"displayUnits\": \"quis velit\",\n    \"searchLibraries\": [\n      {\n        \"searchId\": \"urn:uuid:87504390-8865-546d-da31-1f5029170ce0\",\n        \"libraryId\": \"urn:uuid:894d05c8-81ec-0095-5093-61a6a27d4a13\",\n        \"libraryName\": \"est consectetur\"\n      },\n      {\n        \"searchId\": \"bcbb4767-53cc-edcd-db3e-b75b71fbbf14\",\n        \"libraryId\": \"urn:uuid:5ff44c4b-a169-fec6-d6d2-5668ce6019e1\",\n        \"libraryName\": \"laboris adipisicing cillum\"\n      }\n    ],\n    \"searchTags\": [\n      {\n        \"searchId\": \"urn:uuid:2cad5292-e497-1eef-761b-ffd61502d854\",\n        \"tagId\": \"821e319c-2108-0a5f-c71c-60f495659d00\",\n        \"tagName\": \"sunt\"\n      },\n      {\n        \"searchId\": \"urn:uuid:396fd47b-8adf-7394-3f4b-c6f09fe7eaf2\",\n        \"tagId\": \"urn:uuid:2b10b555-1c13-4fa0-a3ea-2bb89703473e\",\n        \"tagName\": \"in magna pariatur reprehenderit Ut\"\n      }\n    ],\n    \"sortBy\": \"ipsum ut pariatur veniam f\",\n    \"sortDirection\": \"deserunt velit reprehenderit Excepteur\",\n    \"sources\": [\n      {\n        \"searchId\": \"b4c987bc-a1d1-ec93-50f7-631b18a680e6\",\n        \"contentSource\": \"reprehenderit\"\n      },\n      {\n        \"searchId\": \"57d52148-d2bc-a567-3ae2-5a3ef92b8464\",\n        \"contentSource\": \"sunt\"\n      }\n    ],\n    \"updatedByUser\": \"ullamco in\",\n    \"updatedEndDate\": \"2004-08-07T01:02:29.352Z\",\n    \"updateStartDate\": \"1996-02-03T02:06:31.966Z\",\n    \"id\": \"a5c7caaa-40d9-9267-e50b-5a14579006f7\"\n  },\n  {\n    \"addedByUser\": \"ad est\",\n    \"addedEndDate\": \"2019-11-23T22:57:37.022Z\",\n    \"addedStartDate\": \"1977-08-21T00:50:03.610Z\",\n    \"executionTimeInMs\": -77954652,\n    \"hasExplicitLibraryFilter\": false,\n    \"minAvgRating\": 92765657,\n    \"organizationId\": \"7bb97dee-899b-40f1-f380-80ed88c20de0\",\n    \"page\": -91026711,\n    \"pageSize\": -43814145,\n    \"query\": \"irure ipsum commodo\",\n    \"resultCount\": -76009949,\n    \"results\": [\n      {\n        \"searchId\": \"urn:uuid:df350dac-73b9-aae1-a25f-800fd3a68fe3\",\n        \"contentId\": \"0a17446f-3a6b-493b-8dca-eaedfa1b6aab\",\n        \"contentName\": \"ad qui nostrud\"\n      },\n      {\n        \"searchId\": \"5957772a-10be-cd3c-87e4-0d9bf0c951ef\",\n        \"contentId\": \"urn:uuid:ca44263b-d907-3c2f-1ac7-3577f552d54e\",\n        \"contentName\": \"qui ad amet aute\"\n      }\n    ],\n    \"categories\": [\n      {\n        \"searchId\": \"urn:uuid:ac7cad7c-95d2-285a-4f97-0a577f1ecb5c\",\n        \"category\": {\n          \"id\": -81473503,\n          \"name\": \"laborum eu\"\n        }\n      },\n      {\n        \"searchId\": \"b302cefe-d986-dd64-d5d7-4a6646c5683e\",\n        \"category\": {\n          \"id\": 63921449,\n          \"name\": \"et temp\"\n        }\n      }\n    ],\n    \"savedSearchId\": \"dcab845a-f2d8-71d1-6da1-9ae4e871877d\",\n    \"savedSearchName\": \"nisi laborum\",\n    \"searchedAt\": \"1957-11-15T13:37:54.197Z\",\n    \"searchedBy\": {\n      \"displayName\": \"sunt\",\n      \"id\": \"urn:uuid:99eac191-71b0-b4a4-ba4a-f49d729f8713\"\n    },\n    \"searchedById\": \"e0092e61-6c7a-afa4-4a30-68c8204473ac\",\n    \"searchId\": \"urn:uuid:8ddae977-3add-e037-7ed0-802ee394b928\",\n    \"fileVersions\": \"et irure sint dolore dolore\",\n    \"displayUnits\": \"aute\",\n    \"searchLibraries\": [\n      {\n        \"searchId\": \"c545ab35-8a52-bffa-3169-0c98a67c6737\",\n        \"libraryId\": \"25afe81a-d417-10a9-8af1-36422fdd4361\",\n        \"libraryName\": \"qui sit pariatur\"\n      },\n      {\n        \"searchId\": \"urn:uuid:6e3e51d5-35ed-2734-a352-6acfdfd50e86\",\n        \"libraryId\": \"af99fd56-c34f-819e-96a5-497235ed3add\",\n        \"libraryName\": \"cupidatat\"\n      }\n    ],\n    \"searchTags\": [\n      {\n        \"searchId\": \"urn:uuid:689f6851-1a8c-61ab-9989-51a4472c5105\",\n        \"tagId\": \"urn:uuid:3ac9a9f7-51c2-459e-5bf8-771cb65f5793\",\n        \"tagName\": \"minim elit labore voluptate\"\n      },\n      {\n        \"searchId\": \"956c7676-a721-0828-d159-c86a6e658420\",\n        \"tagId\": \"urn:uuid:e14d6036-dfcc-4232-f02b-56022ab5cd1e\",\n        \"tagName\": \"consequat dolore ad\"\n      }\n    ],\n    \"sortBy\": \"\",\n    \"sortDirection\": \"cillum in\",\n    \"sources\": [\n      {\n        \"searchId\": \"000306f2-fa8b-d341-66d0-4db42af8ae62\",\n        \"contentSource\": \"est Duis dolore\"\n      },\n      {\n        \"searchId\": \"59b23c4f-b8b5-1bb2-a7ad-0235f8f1d77b\",\n        \"contentSource\": \"nostrud\"\n      }\n    ],\n    \"updatedByUser\": \"incididunt proident et sint\",\n    \"updatedEndDate\": \"1995-05-08T19:20:25.790Z\",\n    \"updateStartDate\": \"2015-07-14T11:09:30.692Z\",\n    \"id\": \"urn:uuid:2af43c12-1574-f043-7144-239f5adf866d\"\n  }\n]"
						}
					]
				}
			]
		}
	],
	"variable": [
		{
			"key": "baseUrl",
			"value": "/",
			"type": "string"
		}
	]
}