{
	"info": {
		"_postman_id": "e7464c2c-917b-442d-84f9-721c1064db4f",
		"name": "PAL Reporting API v1",
		"description": "PAL Reporting API",
		"schema": "https://schema.getpostman.com/json/collection/v2.1.0/collection.json",
		"_exporter_id": "24009820"
	},
	"item": [
		{
			"name": "reports",
			"item": [
				{
					"name": "Get doc sessions by organization",
					"request": {
						"method": "GET",
						"header": [
							{
								"key": "Accept",
								"value": "text/plain"
							}
						],
						"url": {
							"raw": "{{baseUrl}}/pal/reports/v1/reports/doc-sessions?reportsKey={{reportsKey}}&page=1&pageSize=1000&orderBy=LogDate&orderByDescending=true",
							"host": [
								"{{baseUrl}}"
							],
							"path": [
								"pal",
								"reports",
								"v1",
								"reports",
								"doc-sessions"
							],
							"query": [
								{
									"key": "reportsKey",
									"value": "{{reportsKey}}",
									"description": "(Required) Organization-specific key obtained from CTC"
								},
								{
									"key": "startDate",
									"value": "<yyyy-mm-dd>",
									"description": "Start of date range to retrieve records for - defaults to one month before today",
									"disabled": true
								},
								{
									"key": "endDate",
									"value": "<yyyy-mm-dd>",
									"description": "End of date range to retrieve records for - defaults to today",
									"disabled": true
								},
								{
									"key": "page",
									"value": "1",
									"description": "Page of results"
								},
								{
									"key": "pageSize",
									"value": "1000",
									"description": "Number of results per page"
								},
								{
									"key": "orderBy",
									"value": "LogDate",
									"description": "Field by which to order the results"
								},
								{
									"key": "orderByDescending",
									"value": "true",
									"description": "Whether results should be returned in descending order based on the 'orderBy' parameter"
								}
							]
						}
					},
					"response": [
						{
							"name": "Success",
							"originalRequest": {
								"method": "GET",
								"header": [],
								"url": {
									"raw": "{{baseUrl}}/reports/doc-sessions?reportsKey=<uuid>&startDate=<dateTime>&endDate=<dateTime>&orderBy=LogDate&page=1&pageSize=1000&orderByDescending=false",
									"host": [
										"{{baseUrl}}"
									],
									"path": [
										"reports",
										"doc-sessions"
									],
									"query": [
										{
											"key": "reportsKey",
											"value": "<uuid>"
										},
										{
											"key": "startDate",
											"value": "<dateTime>"
										},
										{
											"key": "endDate",
											"value": "<dateTime>"
										},
										{
											"key": "orderBy",
											"value": "LogDate"
										},
										{
											"key": "page",
											"value": "1"
										},
										{
											"key": "pageSize",
											"value": "1000"
										},
										{
											"key": "orderByDescending",
											"value": "false"
										}
									]
								}
							},
							"status": "OK",
							"code": 200,
							"_postman_previewlanguage": "json",
							"header": [
								{
									"key": "Content-Type",
									"value": "application/json"
								}
							],
							"cookie": [],
							"body": "{\n  \"totalItems\": 72107127,\n  \"items\": [\n    {\n      \"projectId\": \"fd057740-b1ff-f553-2eda-e2c2e6c1919b\",\n      \"organizationId\": \"urn:uuid:bb5abcd8-4416-3497-6f15-d60844d2525c\",\n      \"machineName\": \"cillum dolo\",\n      \"userName\": \"venia\",\n      \"server\": \"qui aliquip\",\n      \"centralFileName\": \"cupidatat sit aute reprehenderit\",\n      \"centralFilePath\": \"s\",\n      \"shortFileName\": \"aliquip minim veniam nulla\",\n      \"localFileName\": \"do ipsum\",\n      \"localFileSize\": -96053059,\n      \"revitVersion\": \"ad in\",\n      \"isAudit\": false,\n      \"openingDuration\": 76894312.3937706,\n      \"worksetCt\": 58594546,\n      \"worksetEditCt\": -12508617,\n      \"worksetOpenCt\": 56063681,\n      \"basePoint\": \"nulla in laborum\",\n      \"surveyPoint\": \"qui esse Excepteur in\",\n      \"angleToTrueNorth\": -17557171.92971486,\n      \"siteLatLong\": \"sunt ut ex est\",\n      \"status\": false,\n      \"id\": \"urn:uuid:57c1a582-e719-be5d-1137-38c7b80729c8\",\n      \"logDate\": \"1975-09-24T18:42:52.109Z\",\n      \"uploadDate\": \"1993-01-26T15:58:16.783Z\",\n      \"addedDate\": \"2014-07-25T06:07:41.627Z\",\n      \"rowVersion\": \"pariatur elit sit\"\n    },\n    {\n      \"projectId\": \"urn:uuid:e8a18efc-d858-08d0-af5f-8516b38748c2\",\n      \"organizationId\": \"urn:uuid:fc0ffda1-3454-806c-393b-bb09eaee314a\",\n      \"machineName\": \"dolore aliquip ea proident cillum\",\n      \"userName\": \"eiusmod ad eu dolor\",\n      \"server\": \"incididunt ad ex consequat\",\n      \"centralFileName\": \"incididunt id fugiat est\",\n      \"centralFilePath\": \"amet \",\n      \"shortFileName\": \"ci\",\n      \"localFileName\": \"sint elit in\",\n      \"localFileSize\": 48418240,\n      \"revitVersion\": \"eiusmod proident cupidatat occaecat\",\n      \"isAudit\": false,\n      \"openingDuration\": 15889258.088030905,\n      \"worksetCt\": -61730486,\n      \"worksetEditCt\": -8253143,\n      \"worksetOpenCt\": 94248029,\n      \"basePoint\": \"in sin\",\n      \"surveyPoint\": \"anim consequat\",\n      \"angleToTrueNorth\": 36791320.41288802,\n      \"siteLatLong\": \"deserunt minim\",\n      \"status\": true,\n      \"id\": \"urn:uuid:dd813db4-71f7-3255-528f-51a2914fb08c\",\n      \"logDate\": \"1944-10-05T06:40:01.359Z\",\n      \"uploadDate\": \"1975-03-15T01:20:15.143Z\",\n      \"addedDate\": \"1955-03-14T05:50:33.811Z\",\n      \"rowVersion\": \"sunt in magna\"\n    }\n  ]\n}"
						}
					]
				},
				{
					"name": "Get doc sessions by doc session id",
					"request": {
						"method": "GET",
						"header": [
							{
								"key": "Accept",
								"value": "text/plain"
							}
						],
						"url": {
							"raw": "{{baseUrl}}/pal/reports/v1/reports/doc-session?reportsKey={{reportsKey}}&sessionId=<uuid>&includeAddIns=true&includeCrashes=true&includeDocumentProjChanges=true&includeEvents=true&includeLinks=true&includeMachines=true&includePrints=true&includeSummaries=true&includeViewTypes=true&includeWarningSummaries=true&includeWarnings=true",
							"host": [
								"{{baseUrl}}"
							],
							"path": [
								"pal",
								"reports",
								"v1",
								"reports",
								"doc-session"
							],
							"query": [
								{
									"key": "reportsKey",
									"value": "{{reportsKey}}",
									"description": "(Required) Organization-specific key obtained from CTC"
								},
								{
									"key": "sessionId",
									"value": "<uuid>",
									"description": "(Required) Id of session to return record for"
								},
								{
									"key": "includeAddIns",
									"value": "true",
									"description": "Whether to include addIns"
								},
								{
									"key": "includeCrashes",
									"value": "true",
									"description": "Whether to include crashes"
								},
								{
									"key": "includeDocumentProjChanges",
									"value": "true",
									"description": "Whether to include document project changes"
								},
								{
									"key": "includeEvents",
									"value": "true",
									"description": "Whether to include events"
								},
								{
									"key": "includeLinks",
									"value": "true",
									"description": "Whether to include links"
								},
								{
									"key": "includeMachines",
									"value": "true",
									"description": "Whether to include machines"
								},
								{
									"key": "includePrints",
									"value": "true",
									"description": "Whether to include prints"
								},
								{
									"key": "includeSummaries",
									"value": "true",
									"description": "Whether to include summaries"
								},
								{
									"key": "includeViewTypes",
									"value": "true",
									"description": "Whether to include view types"
								},
								{
									"key": "includeWarningSummaries",
									"value": "true",
									"description": "Whether to include warning summaries"
								},
								{
									"key": "includeWarnings",
									"value": "true",
									"description": "Whether to include warnings"
								}
							]
						}
					},
					"response": [
						{
							"name": "Success",
							"originalRequest": {
								"method": "GET",
								"header": [],
								"url": {
									"raw": "{{baseUrl}}/reports/doc-session?reportsKey=<uuid>&sessionId=<uuid>&includeAddIns=false&includeCrashes=false&includeDocumentProjChanges=false&includeEvents=false&includeLinks=false&includeMachines=false&includePrints=false&includeSummaries=false&includeViewTypes=false&includeWarningSummaries=false&includeWarnings=false",
									"host": [
										"{{baseUrl}}"
									],
									"path": [
										"reports",
										"doc-session"
									],
									"query": [
										{
											"key": "reportsKey",
											"value": "<uuid>"
										},
										{
											"key": "sessionId",
											"value": "<uuid>"
										},
										{
											"key": "includeAddIns",
											"value": "false"
										},
										{
											"key": "includeCrashes",
											"value": "false"
										},
										{
											"key": "includeDocumentProjChanges",
											"value": "false"
										},
										{
											"key": "includeEvents",
											"value": "false"
										},
										{
											"key": "includeLinks",
											"value": "false"
										},
										{
											"key": "includeMachines",
											"value": "false"
										},
										{
											"key": "includePrints",
											"value": "false"
										},
										{
											"key": "includeSummaries",
											"value": "false"
										},
										{
											"key": "includeViewTypes",
											"value": "false"
										},
										{
											"key": "includeWarningSummaries",
											"value": "false"
										},
										{
											"key": "includeWarnings",
											"value": "false"
										}
									]
								}
							},
							"status": "OK",
							"code": 200,
							"_postman_previewlanguage": "json",
							"header": [
								{
									"key": "Content-Type",
									"value": "application/json"
								}
							],
							"cookie": [],
							"body": "{\n  \"projectId\": \"urn:uuid:9fc58c1c-fe49-0d4c-f214-1ae537c415cf\",\n  \"organizationId\": \"ea507625-ce35-8398-3b8f-9e4e7d1c6f9b\",\n  \"machineName\": \"non in do\",\n  \"userName\": \"laboris anim eni\",\n  \"server\": \"n\",\n  \"centralFileName\": \"velit nulla enim Ex\",\n  \"centralFilePath\": \"tempor non e\",\n  \"shortFileName\": \"quis voluptat\",\n  \"localFileName\": \"ut Ut\",\n  \"localFileSize\": 47057766,\n  \"revitVersion\": \"officia minim\",\n  \"isAudit\": false,\n  \"openingDuration\": -76460195.28877908,\n  \"worksetCt\": -30468802,\n  \"worksetEditCt\": -70525122,\n  \"worksetOpenCt\": 67037591,\n  \"basePoint\": \"sint tempor do velit\",\n  \"surveyPoint\": \"officia dolore\",\n  \"angleToTrueNorth\": 56954224.325027406,\n  \"siteLatLong\": \"veniam reprehenderit anim irure\",\n  \"status\": false,\n  \"logAddIns\": [\n    {\n      \"name\": \"est id\",\n      \"organizationId\": \"urn:uuid:49bcbf2f-9c9f-326d-6dc0-6a1f0dcf3ebe\",\n      \"docSessionId\": \"7b4aa60c-7e6d-8806-d988-3d6eebee7bfb\",\n      \"id\": \"urn:uuid:b97dbdcd-22c4-9b93-89b9-88fc80a212be\",\n      \"logDate\": \"2009-10-25T11:41:50.719Z\",\n      \"uploadDate\": \"2000-05-04T23:56:40.828Z\",\n      \"addedDate\": \"2020-06-04T09:23:26.795Z\",\n      \"rowVersion\": \"in in Excepteur\"\n    },\n    {\n      \"name\": \"ut quis\",\n      \"organizationId\": \"urn:uuid:17ee20d0-dce6-affb-d192-0e18e6318ab9\",\n      \"docSessionId\": \"3c1db77b-7704-c1e8-e0cf-7f1b9fe57046\",\n      \"id\": \"urn:uuid:95b4a429-ff00-8947-6df5-06d06735f038\",\n      \"logDate\": \"2012-09-06T17:17:44.461Z\",\n      \"uploadDate\": \"1967-02-02T05:19:12.329Z\",\n      \"addedDate\": \"1966-05-24T06:40:23.144Z\",\n      \"rowVersion\": \"elit fugiat minim\"\n    }\n  ],\n  \"logCrashes\": [\n    {\n      \"userName\": \"pariatur do irure\",\n      \"centralFileName\": \"eiusmod\",\n      \"localFileName\": \"occaecat ex Lorem in\",\n      \"revitVersion\": \"est nostrud sunt culpa\",\n      \"localFileSize\": -40787752,\n      \"description\": \"reprehenderit sint magna\",\n      \"organizationId\": \"urn:uuid:7f4d59ac-0a82-070f-3128-a1e9632866d9\",\n      \"docSessionId\": \"urn:uuid:5689fa29-2567-b544-2062-6b287c517fed\",\n      \"id\": \"1ec08999-e256-a083-e468-6fbb8a96ff0d\",\n      \"logDate\": \"2002-09-19T02:03:23.366Z\",\n      \"uploadDate\": \"2015-08-30T17:13:40.689Z\",\n      \"addedDate\": \"2003-06-24T15:43:04.274Z\",\n      \"rowVersion\": \"sunt elit nostrud\"\n    },\n    {\n      \"userName\": \"ea sint laborum\",\n      \"centralFileName\": \"consequat occaecat quis commodo Excepteur\",\n      \"localFileName\": \"Duis consequat laboris officia\",\n      \"revitVersion\": \"proide\",\n      \"localFileSize\": 14948868,\n      \"description\": \"al\",\n      \"organizationId\": \"8a49024a-1756-25ec-a7a6-bd4f3d34de52\",\n      \"docSessionId\": \"urn:uuid:21d50db5-646a-6100-b625-106c5d7b55d8\",\n      \"id\": \"urn:uuid:e46c8652-4f5c-e673-b7a2-ab537c89666c\",\n      \"logDate\": \"2000-06-28T19:49:04.815Z\",\n      \"uploadDate\": \"1980-05-27T21:19:37.633Z\",\n      \"addedDate\": \"1959-12-17T10:15:11.126Z\",\n      \"rowVersion\": \"aliquip amet officia conseq\"\n    }\n  ],\n  \"logDocumentProjChanges\": [\n    {\n      \"id\": \"urn:uuid:8741cac6-12eb-a928-bbd9-c78001b54494\",\n      \"organizationId\": \"urn:uuid:7f20a138-7bc6-0942-ab06-52855ec686c1\",\n      \"docSessionId\": \"bb599b09-1d67-716d-4251-4bcd2aa30d66\",\n      \"batchId\": \"urn:uuid:a8655069-56d3-9c40-c4a1-64119b6c91b2\",\n      \"userId\": \"ab9eb225-2add-2722-5a9c-9ff7330127bf\",\n      \"deletedProjectId\": \"6220c825-d988-da92-05a2-df8f2868e065\",\n      \"insertedProjectId\": \"urn:uuid:2927e23e-9216-15be-61fe-3e13b3482a10\",\n      \"addedDate\": \"1978-06-19T20:52:36.690Z\"\n    },\n    {\n      \"id\": \"urn:uuid:a32782d5-9cd8-844b-9d7c-b7bbe6e1e743\",\n      \"organizationId\": \"urn:uuid:6d7f1cec-2191-637f-0744-75058ce6eab1\",\n      \"docSessionId\": \"urn:uuid:9ba1e368-6d32-5037-6d47-bcdd6664b2bb\",\n      \"batchId\": \"urn:uuid:8da223d9-c44b-48da-fa08-21a904908f0a\",\n      \"userId\": \"7d9c6b0a-2300-4232-931b-4581280000b4\",\n      \"deletedProjectId\": \"3ed69fa0-cfc5-2432-c46b-3d9a3c76e3a9\",\n      \"insertedProjectId\": \"6319dd19-170d-8d71-948f-ca4a47743fd2\",\n      \"addedDate\": \"1985-08-10T14:25:41.435Z\"\n    }\n  ],\n  \"logEvents\": [\n    {\n      \"eventId\": 24079293,\n      \"eventType\": \"dolor nisi aute\",\n      \"eventName\": \"minim amet\",\n      \"viewName\": \"tempor dolore minim\",\n      \"viewId\": -75785293,\n      \"openViewCt\": 41599649,\n      \"eventDuration\": -85812635.60836753,\n      \"actionCt\": 38523061,\n      \"activeWorksetName\": \"et occaecat ut\",\n      \"familyWorksetOpenCt\": 33476674,\n      \"familyWorksetEditCt\": -51056669,\n      \"standardWorksetOpenCt\": 42713930,\n      \"standardWorksetEditCt\": 42041682,\n      \"userWorksetOpenCt\": -33992371,\n      \"userWorksetEditCt\": 32219270,\n      \"viewWorksetOpenCt\": -47734080,\n      \"viewWorksetEditCt\": -91993107,\n      \"organizationId\": \"urn:uuid:5408a659-0953-d540-2dfc-f2ce9bd95a40\",\n      \"docSessionId\": \"b15bfc50-c309-dcf3-93ad-c1b999995768\",\n      \"id\": \"8e0fb2d6-9626-afc4-6607-62c19db8305c\",\n      \"logDate\": \"2002-07-27T20:11:54.206Z\",\n      \"uploadDate\": \"1977-08-15T11:48:29.072Z\",\n      \"addedDate\": \"1982-10-02T04:51:23.134Z\",\n      \"rowVersion\": \"tempor sed ut\"\n    },\n    {\n      \"eventId\": -46047254,\n      \"eventType\": \"ipsum adipisicing\",\n      \"eventName\": \"velit in\",\n      \"viewName\": \"adipisicing tempor Duis cupidatat\",\n      \"viewId\": -7085802,\n      \"openViewCt\": -12834625,\n      \"eventDuration\": 28635440.210078403,\n      \"actionCt\": -50191039,\n      \"activeWorksetName\": \"id\",\n      \"familyWorksetOpenCt\": -9646135,\n      \"familyWorksetEditCt\": 74453063,\n      \"standardWorksetOpenCt\": 13146233,\n      \"standardWorksetEditCt\": -82494206,\n      \"userWorksetOpenCt\": 40311634,\n      \"userWorksetEditCt\": 11590810,\n      \"viewWorksetOpenCt\": 80088248,\n      \"viewWorksetEditCt\": -40420411,\n      \"organizationId\": \"557bc22f-e649-8763-ea66-aceb7aa235d7\",\n      \"docSessionId\": \"urn:uuid:9695acb5-333d-4e49-4606-ba056e21029a\",\n      \"id\": \"2e7c40b8-3de4-7d07-36ed-f9d822a9c243\",\n      \"logDate\": \"2002-08-30T19:10:10.746Z\",\n      \"uploadDate\": \"1979-03-21T21:31:31.305Z\",\n      \"addedDate\": \"1951-07-27T21:27:43.007Z\",\n      \"rowVersion\": \"in nulla adipisicing\"\n    }\n  ],\n  \"logLinks\": [\n    {\n      \"linkPath\": \"ad est officia fugia\",\n      \"linkShortFileName\": \"ame\",\n      \"linkType\": \"Ut minim\",\n      \"linkStatus\": \"irure Duis\",\n      \"userName\": \"labore consequat dolore\",\n      \"organizationId\": \"urn:uuid:ad482897-3df8-465d-4277-8869e9c4deda\",\n      \"docSessionId\": \"urn:uuid:a5bb3225-0602-7ab4-4945-e5c76a0e002c\",\n      \"id\": \"urn:uuid:f912a16a-5a87-d3f9-b504-0096ed9c3a2a\",\n      \"logDate\": \"1994-08-03T15:55:39.741Z\",\n      \"uploadDate\": \"2019-10-04T18:53:32.382Z\",\n      \"addedDate\": \"1973-09-17T10:19:38.685Z\",\n      \"rowVersion\": \"volup\"\n    },\n    {\n      \"linkPath\": \"dolor non\",\n      \"linkShortFileName\": \"dolor laborum irure ex proident\",\n      \"linkType\": \"Excepteur in ex consectetur sed\",\n      \"linkStatus\": \"sed labore sit esse\",\n      \"userName\": \"est sint nostrud consequat labore\",\n      \"organizationId\": \"urn:uuid:3d2f3465-6236-307b-f61a-257e161ced08\",\n      \"docSessionId\": \"urn:uuid:7fdb41e8-627d-807c-c957-eb4c8cb2bda7\",\n      \"id\": \"1690026e-84fa-f0f2-4223-9fc537c0c7cb\",\n      \"logDate\": \"1997-03-15T13:06:17.371Z\",\n      \"uploadDate\": \"1946-10-07T20:38:57.631Z\",\n      \"addedDate\": \"1971-01-25T07:10:21.814Z\",\n      \"rowVersion\": \"aliqua ea Duis laboris eiusmod\"\n    }\n  ],\n  \"logMachines\": [\n    {\n      \"processorId\": \"ex consectetur non\",\n      \"machineName\": \"cillum qui\",\n      \"mac\": \"qui exercitation enim\",\n      \"operatingSystem\": \"anim in nisi sint\",\n      \"hdd\": \"dolor anim\",\n      \"motherboard\": \"sunt ea anim\",\n      \"bios\": \"quis\",\n      \"ram\": -94715886,\n      \"slots\": 54244839,\n      \"cpu\": \"sit amet\",\n      \"video\": \"dese\",\n      \"ipaddress\": \"officia\",\n      \"organizationId\": \"b4d27085-c51c-ac7c-8ff5-61579091e42a\",\n      \"docSessionId\": \"urn:uuid:b276f9c0-054d-50f7-db43-324c4d77205f\",\n      \"id\": \"urn:uuid:0c57874b-dfac-afab-2ed6-3441c8c5f837\",\n      \"logDate\": \"2020-01-02T12:48:20.179Z\",\n      \"uploadDate\": \"1981-08-04T17:33:08.073Z\",\n      \"addedDate\": \"2000-03-15T05:36:32.239Z\",\n      \"rowVersion\": \"laboris dolor aliqua laborum\"\n    },\n    {\n      \"processorId\": \"mollit amet dolor exercitation occaecat\",\n      \"machineName\": \"aliquip voluptate anim\",\n      \"mac\": \"sit\",\n      \"operatingSystem\": \"officia aliqua non ul\",\n      \"hdd\": \"culpa\",\n      \"motherboard\": \"in minim deserunt\",\n      \"bios\": \"minim ea aliqua\",\n      \"ram\": 83837323,\n      \"slots\": -42445601,\n      \"cpu\": \"ea Duis aliquip occaecat\",\n      \"video\": \"nisi\",\n      \"ipaddress\": \"officia amet an\",\n      \"organizationId\": \"urn:uuid:64690e91-b4cb-e5f6-dc02-501485f2ea2a\",\n      \"docSessionId\": \"urn:uuid:008c28b1-2206-376d-58b8-5e4fdfdd0df9\",\n      \"id\": \"urn:uuid:8e09a71e-7a7d-d566-6743-5620c5cc0349\",\n      \"logDate\": \"1995-11-23T12:14:23.271Z\",\n      \"uploadDate\": \"1959-06-10T15:16:45.359Z\",\n      \"addedDate\": \"2005-01-08T10:35:09.283Z\",\n      \"rowVersion\": \"quis\"\n    }\n  ],\n  \"logPrints\": [\n    {\n      \"jobId\": -80331548,\n      \"userName\": \"laboris\",\n      \"printed\": \"Duis qui do tempor magna\",\n      \"failed\": \"sunt amet deserunt dolor enim\",\n      \"printCt\": -19756490,\n      \"failCt\": -72040553,\n      \"jobStart\": \"1999-12-03T07:22:12.363Z\",\n      \"jobEnd\": \"2012-09-28T03:57:52.896Z\",\n      \"organizationId\": \"951d9ae9-0545-605a-2519-f668e9e83a66\",\n      \"docSessionId\": \"urn:uuid:076d5818-fb31-ea17-e570-7dc7c155fe26\",\n      \"id\": \"3dd7979f-7499-2bcd-38b1-6cb3e6a9cd54\",\n      \"logDate\": \"2004-10-27T13:54:12.260Z\",\n      \"uploadDate\": \"1996-03-02T18:06:28.821Z\",\n      \"addedDate\": \"1974-12-19T01:44:59.134Z\",\n      \"rowVersion\": \"consequat ipsum Excepteur esse\"\n    },\n    {\n      \"jobId\": 36106821,\n      \"userName\": \"exercitation est\",\n      \"printed\": \"Excepteur exercitation Lorem\",\n      \"failed\": \"sunt qui\",\n      \"printCt\": 41431031,\n      \"failCt\": -38966836,\n      \"jobStart\": \"1947-09-25T09:44:57.942Z\",\n      \"jobEnd\": \"2010-10-27T07:50:13.231Z\",\n      \"organizationId\": \"urn:uuid:78f90f19-cd55-6067-ab02-1e4df7572a2c\",\n      \"docSessionId\": \"urn:uuid:46a07e79-dda0-2569-315b-68bf7137256a\",\n      \"id\": \"19fccea8-dd82-13ba-1720-471489d33b2b\",\n      \"logDate\": \"2014-07-17T07:49:02.639Z\",\n      \"uploadDate\": \"1992-08-27T13:33:37.183Z\",\n      \"addedDate\": \"2001-01-07T13:56:05.329Z\",\n      \"rowVersion\": \"adipisicing\"\n    }\n  ],\n  \"logSummaries\": [\n    {\n      \"eventId\": -4643661,\n      \"groupCt\": -83491876,\n      \"inPlaceCt\": -7749898,\n      \"unPlacedRoomCt\": 97655399,\n      \"unenclosedRoomCt\": -38457648,\n      \"placedRoomCt\": -95718000,\n      \"unPlacedSpaceCt\": -54070402,\n      \"unenclosedSpaceCt\": 84621107,\n      \"placedSpaceCt\": 634555,\n      \"viewCt\": 97654581,\n      \"phaseCt\": -55418256,\n      \"desOptCt\": 81024016,\n      \"worksetCt\": -69185840,\n      \"familyCt\": 55441609,\n      \"instanceCt\": -42465950,\n      \"materialCt\": 91981121,\n      \"viewFilterCt\": -7685481,\n      \"unplacedFamilyCt\": 84923207,\n      \"levelCt\": 1643395,\n      \"warningCt\": -58458091,\n      \"warningTypeCt\": -97499150,\n      \"organizationId\": \"b483e5e6-5901-b81a-b87a-f233a6c9c42c\",\n      \"docSessionId\": \"urn:uuid:39fe80c8-bea4-29f7-f83d-783dbf7bab77\",\n      \"id\": \"ea5420f9-7778-866e-a3ce-5f678307a2f5\",\n      \"logDate\": \"1999-07-09T21:46:16.032Z\",\n      \"uploadDate\": \"2007-07-24T07:16:35.925Z\",\n      \"addedDate\": \"2009-08-06T19:51:21.741Z\",\n      \"rowVersion\": \"officia proident\"\n    },\n    {\n      \"eventId\": 14143413,\n      \"groupCt\": 84845483,\n      \"inPlaceCt\": -54269915,\n      \"unPlacedRoomCt\": 56431386,\n      \"unenclosedRoomCt\": 41001651,\n      \"placedRoomCt\": 30854839,\n      \"unPlacedSpaceCt\": 32434020,\n      \"unenclosedSpaceCt\": 21958380,\n      \"placedSpaceCt\": -29432584,\n      \"viewCt\": 51414440,\n      \"phaseCt\": 90216431,\n      \"desOptCt\": -62681197,\n      \"worksetCt\": 71142028,\n      \"familyCt\": -84360271,\n      \"instanceCt\": -97979685,\n      \"materialCt\": -53007134,\n      \"viewFilterCt\": -25587048,\n      \"unplacedFamilyCt\": -43834303,\n      \"levelCt\": 41263435,\n      \"warningCt\": 28843117,\n      \"warningTypeCt\": -98507661,\n      \"organizationId\": \"573cbb65-6a7b-a928-1189-2a8ef0b33b5a\",\n      \"docSessionId\": \"23c29e67-8b72-2812-17ac-26e08369b419\",\n      \"id\": \"urn:uuid:cf799ee0-bd07-1235-69da-8be6ca4ee68e\",\n      \"logDate\": \"1947-10-03T21:47:28.068Z\",\n      \"uploadDate\": \"1976-04-01T18:09:36.659Z\",\n      \"addedDate\": \"1971-03-10T05:36:36.233Z\",\n      \"rowVersion\": \"mollit nostrud\"\n    }\n  ],\n  \"logViewTypes\": [\n    {\n      \"viewTypeName\": \"cillum ut cupidatat officia in\",\n      \"viewCt\": -86750480,\n      \"organizationId\": \"5c5fa62a-78f3-c657-126e-7b202a485e64\",\n      \"docSessionId\": \"7accf8cf-6b92-fb1f-df63-23b0cf3df14a\",\n      \"id\": \"1027051d-3795-5298-01a9-440c8f328708\",\n      \"logDate\": \"1982-03-12T05:01:24.515Z\",\n      \"uploadDate\": \"1950-05-06T03:45:23.190Z\",\n      \"addedDate\": \"1955-09-12T01:05:48.902Z\",\n      \"rowVersion\": \"elit incididunt consequat culpa magn\"\n    },\n    {\n      \"viewTypeName\": \"ea ut dolore elit\",\n      \"viewCt\": -58938188,\n      \"organizationId\": \"d57659c9-85dd-6e18-35a2-5f93cd7fb915\",\n      \"docSessionId\": \"urn:uuid:b9ca9850-fd57-fcf4-3953-492a40706ca4\",\n      \"id\": \"7a164ccc-8b54-4103-3cb8-dbfbedfc2df3\",\n      \"logDate\": \"1989-07-20T07:11:43.820Z\",\n      \"uploadDate\": \"1975-07-04T04:04:03.931Z\",\n      \"addedDate\": \"1957-05-14T23:39:04.202Z\",\n      \"rowVersion\": \"ut ipsum id\"\n    }\n  ],\n  \"logWarningSummaries\": [\n    {\n      \"elementIds\": \"ipsum aliquip consectetur Ut\",\n      \"description\": \"ut consequat\",\n      \"warningCt\": -91570343,\n      \"organizationId\": \"urn:uuid:669d5129-7424-5cf1-a88c-30c1b60dc24b\",\n      \"docSessionId\": \"293b9a52-68ab-21de-187e-81ce45acc4ea\",\n      \"id\": \"d4e57087-33ef-a296-fc15-6032e015dd8c\",\n      \"logDate\": \"2013-04-04T02:36:25.309Z\",\n      \"uploadDate\": \"1970-01-28T16:07:35.003Z\",\n      \"addedDate\": \"1943-10-18T17:58:44.251Z\",\n      \"rowVersion\": \"mollit cillum ullamco eu Excepteur\"\n    },\n    {\n      \"elementIds\": \"et laborum eu consectetur minim\",\n      \"description\": \"irure laborum qui\",\n      \"warningCt\": -37086478,\n      \"organizationId\": \"21612b61-fe1a-a45e-ff1e-f00a5c56e72a\",\n      \"docSessionId\": \"urn:uuid:60cd3065-32db-e909-c9a0-f474284b9e64\",\n      \"id\": \"urn:uuid:b10b6dc6-815f-ffa6-63a1-5393fbd19065\",\n      \"logDate\": \"1982-08-04T19:25:08.567Z\",\n      \"uploadDate\": \"1994-05-04T00:09:20.638Z\",\n      \"addedDate\": \"1962-02-26T11:11:45.536Z\",\n      \"rowVersion\": \"amet\"\n    }\n  ],\n  \"logWarnings\": [\n    {\n      \"severity\": \"dolor velit Duis et non\",\n      \"warningId\": \"urn:uuid:2a54b7fe-c776-1c6e-fa8c-18653c4abacf\",\n      \"description\": \"ipsum ea\",\n      \"elementId\": -1875773,\n      \"elementName\": \"sit mollit\",\n      \"levelName\": \"irure eiusmod voluptate\",\n      \"workset\": \"ut deserunt anim commodo cupidatat\",\n      \"organizationId\": \"26c2a160-9a36-62ed-b7c2-ece6ada299cc\",\n      \"docSessionId\": \"urn:uuid:a269623b-6e65-9fe7-02ae-8fb234241d50\",\n      \"id\": \"urn:uuid:2f6e6eb2-963a-dcc9-be03-39da8df23b46\",\n      \"logDate\": \"2000-03-14T04:42:10.624Z\",\n      \"uploadDate\": \"1945-05-17T10:35:57.675Z\",\n      \"addedDate\": \"2009-09-01T21:47:44.002Z\",\n      \"rowVersion\": \"ipsum nisi\"\n    },\n    {\n      \"severity\": \"in pariatur deserunt sit\",\n      \"warningId\": \"a88ef599-c170-3589-9742-84b4353eca54\",\n      \"description\": \"deserunt aliqua\",\n      \"elementId\": -64301238,\n      \"elementName\": \"sit Ut\",\n      \"levelName\": \"sint incidid\",\n      \"workset\": \"aliquip in consectetur aliqua sint\",\n      \"organizationId\": \"urn:uuid:2f05a17a-c695-0e47-837c-d51f27642ca5\",\n      \"docSessionId\": \"e7b44fc3-2366-58d4-88a4-10cc441b07cd\",\n      \"id\": \"8b1de090-ef50-8349-777a-21ace14434a6\",\n      \"logDate\": \"1992-10-07T17:54:22.901Z\",\n      \"uploadDate\": \"1998-05-05T08:54:48.399Z\",\n      \"addedDate\": \"1979-12-28T00:21:51.898Z\",\n      \"rowVersion\": \"amet labore ad\"\n    }\n  ],\n  \"id\": \"urn:uuid:aa095237-3701-8395-2b6e-bd9876c18e8d\",\n  \"logDate\": \"2001-10-07T04:56:07.941Z\",\n  \"uploadDate\": \"2008-06-28T02:30:45.089Z\",\n  \"addedDate\": \"1950-06-24T03:00:01.503Z\",\n  \"rowVersion\": \"et dolor mollit\"\n}"
						}
					]
				},
				{
					"name": "Get sessions by organization",
					"request": {
						"method": "GET",
						"header": [
							{
								"key": "Accept",
								"value": "text/plain"
							}
						],
						"url": {
							"raw": "{{baseUrl}}/pal/reports/v1/reports/sessions?reportsKey={{reportsKey}}&page=1&pageSize=1000&orderBy=LogDate&orderByDescending=true",
							"host": [
								"{{baseUrl}}"
							],
							"path": [
								"pal",
								"reports",
								"v1",
								"reports",
								"sessions"
							],
							"query": [
								{
									"key": "reportsKey",
									"value": "{{reportsKey}}",
									"description": "(Required) Organization-specific key obtained from CTC"
								},
								{
									"key": "startDate",
									"value": "<yyyy-mm-dd>",
									"description": "Start of date range to retrieve records for - defaults to one month before today",
									"disabled": true
								},
								{
									"key": "endDate",
									"value": "<yyyy-mm-dd>",
									"description": "End of date range to retrieve records for - defaults to today",
									"disabled": true
								},
								{
									"key": "page",
									"value": "1",
									"description": "Page of results"
								},
								{
									"key": "pageSize",
									"value": "1000",
									"description": "Number of results per page"
								},
								{
									"key": "orderBy",
									"value": "LogDate",
									"description": "Field by which to order the results"
								},
								{
									"key": "orderByDescending",
									"value": "true",
									"description": "Whether results should be returned in descending order based on the 'orderBy' parameter"
								}
							]
						}
					},
					"response": [
						{
							"name": "Success",
							"originalRequest": {
								"method": "GET",
								"header": [],
								"url": {
									"raw": "{{baseUrl}}/reports/sessions?reportsKey=<uuid>&startDate=<dateTime>&endDate=<dateTime>&orderBy=LogDate&page=1&pageSize=1000&orderByDescending=false",
									"host": [
										"{{baseUrl}}"
									],
									"path": [
										"reports",
										"sessions"
									],
									"query": [
										{
											"key": "reportsKey",
											"value": "<uuid>"
										},
										{
											"key": "startDate",
											"value": "<dateTime>"
										},
										{
											"key": "endDate",
											"value": "<dateTime>"
										},
										{
											"key": "orderBy",
											"value": "LogDate"
										},
										{
											"key": "page",
											"value": "1"
										},
										{
											"key": "pageSize",
											"value": "1000"
										},
										{
											"key": "orderByDescending",
											"value": "false"
										}
									]
								}
							},
							"status": "OK",
							"code": 200,
							"_postman_previewlanguage": "json",
							"header": [
								{
									"key": "Content-Type",
									"value": "application/json"
								}
							],
							"cookie": [],
							"body": "{\n  \"totalItems\": 13086473,\n  \"items\": [\n    {\n      \"sessionId\": \"urn:uuid:5e76f804-e535-12e4-0d41-8a6e71530e8a\",\n      \"organizationId\": \"fad6706c-fe42-eef5-cb86-e3203fda97fc\",\n      \"revitVersion\": -19328337,\n      \"userName\": \"incididunt et\",\n      \"machineName\": \"enim Duis\",\n      \"isOpen\": false,\n      \"id\": \"urn:uuid:7c5ff24d-5e79-afa9-1d47-b095077e50e6\",\n      \"logDate\": \"1974-06-05T11:27:01.587Z\",\n      \"uploadDate\": \"1954-02-02T05:45:30.355Z\",\n      \"addedDate\": \"1968-08-05T07:19:16.802Z\",\n      \"rowVersion\": \"cillum ullamco in\"\n    },\n    {\n      \"sessionId\": \"urn:uuid:b887e8be-979f-37dd-053c-96fb39e64757\",\n      \"organizationId\": \"urn:uuid:d1821064-1f44-d5d0-1a9a-ef7ad95624ee\",\n      \"revitVersion\": -15146565,\n      \"userName\": \"magna do\",\n      \"machineName\": \"commodo eu\",\n      \"isOpen\": false,\n      \"id\": \"urn:uuid:f6f75d44-35ce-7687-fcbd-f899d7ac10b4\",\n      \"logDate\": \"2020-05-20T05:31:55.607Z\",\n      \"uploadDate\": \"2021-10-10T22:47:28.333Z\",\n      \"addedDate\": \"1965-11-03T02:03:55.541Z\",\n      \"rowVersion\": \"quis id in\"\n    }\n  ]\n}"
						}
					]
				},
				{
					"name": "Get projects by organization",
					"request": {
						"method": "GET",
						"header": [
							{
								"key": "Accept",
								"value": "text/plain"
							}
						],
						"url": {
							"raw": "{{baseUrl}}/pal/reports/v1/reports/projects?reportsKey={{reportsKey}}&page=1&pageSize=1000&orderBy=projectNumber",
							"host": [
								"{{baseUrl}}"
							],
							"path": [
								"pal",
								"reports",
								"v1",
								"reports",
								"projects"
							],
							"query": [
								{
									"key": "reportsKey",
									"value": "{{reportsKey}}",
									"description": "(Required) Organization-specific key obtained from CTC"
								},
								{
									"key": "page",
									"value": "1",
									"description": "Page of results"
								},
								{
									"key": "pageSize",
									"value": "1000",
									"description": "Number of results per page"
								},
								{
									"key": "orderBy",
									"value": "projectNumber",
									"description": "Field by which to order the results"
								},
								{
									"key": "orderByDescending",
									"value": "true",
									"description": "Whether results should be returned in descending order based on the 'orderBy' parameter",
									"disabled": true
								}
							]
						}
					},
					"response": [
						{
							"name": "Success",
							"originalRequest": {
								"method": "GET",
								"header": [],
								"url": {
									"raw": "{{baseUrl}}/reports/projects?reportsKey=<uuid>&orderBy=ProjectName&page=1&pageSize=1000&orderByDescending=false",
									"host": [
										"{{baseUrl}}"
									],
									"path": [
										"reports",
										"projects"
									],
									"query": [
										{
											"key": "reportsKey",
											"value": "<uuid>"
										},
										{
											"key": "orderBy",
											"value": "ProjectName"
										},
										{
											"key": "page",
											"value": "1"
										},
										{
											"key": "pageSize",
											"value": "1000"
										},
										{
											"key": "orderByDescending",
											"value": "false"
										}
									]
								}
							},
							"status": "OK",
							"code": 200,
							"_postman_previewlanguage": "json",
							"header": [
								{
									"key": "Content-Type",
									"value": "application/json"
								}
							],
							"cookie": [],
							"body": "{\n  \"totalItems\": 72324596,\n  \"items\": [\n    {\n      \"projectNumber\": \"Excepteur minim eu esse ex\",\n      \"projectName\": \"commodo ut enim velit\",\n      \"status\": \"ex do\",\n      \"organizationId\": \"c03a92f0-73bb-47c4-33d2-485aa15683b0\",\n      \"office\": \"nisi aute est\",\n      \"buildingName\": \"dolor do ea\",\n      \"clientName\": \"incididunt\",\n      \"streetAddress\": \"deserunt do irure exercitation laboris\",\n      \"streetAddress2\": \"id amet dolore\",\n      \"streetAddress3\": \"non occaecat dol\",\n      \"projectPhase\": \"enim dolor\",\n      \"projectIssueDate\": \"1950-03-11T11:26:19.568Z\",\n      \"projectOwner\": \"adipisicing deserunt veniam\",\n      \"city\": \"labore Duis aute\",\n      \"stateorProvince\": \"eu incididunt sunt\",\n      \"postalCode\": \"pariatur commodo ut in incididunt\",\n      \"country\": \"elit mollit ex veniam\",\n      \"contact\": \"et fugiat\",\n      \"addedDate\": \"1996-12-25T15:33:05.872Z\",\n      \"addedByUserId\": \"urn:uuid:8edbf1d8-1529-21b2-15bd-351a119756e2\",\n      \"updatedDate\": \"1952-12-28T03:59:58.271Z\",\n      \"updatedByUserId\": \"dd7fafff-6bf3-48ef-c98e-922a39ee3d13\",\n      \"id\": \"urn:uuid:8ce63973-60f2-fe5e-5bcd-70886ddfeb10\"\n    },\n    {\n      \"projectNumber\": \"do occaecat ipsum dolore\",\n      \"projectName\": \"non esse\",\n      \"status\": \"elit aliquip\",\n      \"organizationId\": \"urn:uuid:e1ec685c-c81e-e84e-4d74-c67e3104f3c1\",\n      \"office\": \"Duis\",\n      \"buildingName\": \"veniam irure nisi\",\n      \"clientName\": \"nulla\",\n      \"streetAddress\": \"do culpa sunt Ut\",\n      \"streetAddress2\": \"cillum id\",\n      \"streetAddress3\": \"sunt magna\",\n      \"projectPhase\": \"velit cu\",\n      \"projectIssueDate\": \"1960-10-26T15:01:02.284Z\",\n      \"projectOwner\": \"dolor o\",\n      \"city\": \"labore\",\n      \"stateorProvince\": \"laboris\",\n      \"postalCode\": \"sit\",\n      \"country\": \"enim labore\",\n      \"contact\": \"dolore m\",\n      \"addedDate\": \"1983-02-19T10:37:21.081Z\",\n      \"addedByUserId\": \"urn:uuid:2461e99c-86bb-e4e0-8070-a46a0b46d9b5\",\n      \"updatedDate\": \"1999-07-13T21:59:37.411Z\",\n      \"updatedByUserId\": \"a60fb484-9d84-bd17-e80a-c8c8ddc2eb3c\",\n      \"id\": \"b8898358-f50b-6bec-d298-3b18d8ccfca8\"\n    }\n  ]\n}"
						}
					]
				},
				{
					"name": "Get project by id",
					"request": {
						"method": "GET",
						"header": [
							{
								"key": "Accept",
								"value": "text/plain"
							}
						],
						"url": {
							"raw": "{{baseUrl}}/pal/reports/v1/reports/project?reportsKey={{reportsKey}}&projectId=<uuid>&includePaths=true&includePermissions=true",
							"host": [
								"{{baseUrl}}"
							],
							"path": [
								"pal",
								"reports",
								"v1",
								"reports",
								"project"
							],
							"query": [
								{
									"key": "reportsKey",
									"value": "{{reportsKey}}",
									"description": "(Required) Organization-specific key obtained from CTC"
								},
								{
									"key": "projectId",
									"value": "<uuid>",
									"description": "(Required) Id of project to return record for"
								},
								{
									"key": "includePaths",
									"value": "true",
									"description": "Whether to include project paths"
								},
								{
									"key": "includePermissions",
									"value": "true",
									"description": "Whether to include project permissions"
								}
							]
						}
					},
					"response": [
						{
							"name": "Success",
							"originalRequest": {
								"method": "GET",
								"header": [],
								"url": {
									"raw": "{{baseUrl}}/reports/project?reportsKey=<uuid>&projectId=<uuid>&includePaths=false&includePermissions=false",
									"host": [
										"{{baseUrl}}"
									],
									"path": [
										"reports",
										"project"
									],
									"query": [
										{
											"key": "reportsKey",
											"value": "<uuid>"
										},
										{
											"key": "projectId",
											"value": "<uuid>"
										},
										{
											"key": "includePaths",
											"value": "false"
										},
										{
											"key": "includePermissions",
											"value": "false"
										}
									]
								}
							},
							"status": "OK",
							"code": 200,
							"_postman_previewlanguage": "json",
							"header": [
								{
									"key": "Content-Type",
									"value": "application/json"
								}
							],
							"cookie": [],
							"body": "{\n  \"projectNumber\": \"eu qui do\",\n  \"projectName\": \"consequat\",\n  \"status\": \"laboris eu\",\n  \"organizationId\": \"urn:uuid:b72cb9ce-5c83-602e-ee80-a4fb585b6e98\",\n  \"office\": \"officia\",\n  \"buildingName\": \"Duis ut in quis\",\n  \"clientName\": \"mollit exercitation\",\n  \"streetAddress\": \"magna non ullamco qui\",\n  \"streetAddress2\": \"nostrud exercitation\",\n  \"streetAddress3\": \"ea ipsum\",\n  \"projectPhase\": \"qui cillum Excepteur\",\n  \"projectIssueDate\": \"1971-07-04T03:23:02.410Z\",\n  \"projectOwner\": \"nisi ipsum ad Ut\",\n  \"city\": \"pariatur velit\",\n  \"stateorProvince\": \"officia est et\",\n  \"postalCode\": \"minim sunt\",\n  \"country\": \"aliqua incididun\",\n  \"contact\": \"ut ea ullamco\",\n  \"addedDate\": \"1989-07-28T18:08:42.267Z\",\n  \"addedByUserId\": \"e3415520-58a8-39d7-05f3-f6b0a792b0d8\",\n  \"updatedDate\": \"2022-07-26T03:36:56.803Z\",\n  \"updatedByUserId\": \"25042f04-6537-dff0-200a-0c6700cc8640\",\n  \"projectPaths\": [\n    {\n      \"projectId\": \"urn:uuid:7d658bf5-fa4e-aba7-07e0-d3d715d25c2c\",\n      \"organizationId\": \"urn:uuid:c38bf1c2-4513-4ed3-cc7f-6193bf755c15\",\n      \"centralFilePath\": \"deserunt nulla est cillum\",\n      \"addedDate\": \"2002-07-25T00:20:14.322Z\",\n      \"addedByUserId\": \"urn:uuid:1c9ef004-c09c-b605-695f-0f4cf508144b\",\n      \"updatedDate\": \"1980-02-01T17:53:19.310Z\",\n      \"updatedByUserId\": \"urn:uuid:9b6e7d7f-3cbc-046f-3c22-a11fbf6b86b3\",\n      \"id\": \"urn:uuid:af7f02ea-36f5-390a-afbf-fa62ed9b6dda\"\n    },\n    {\n      \"projectId\": \"58464485-067d-6ba6-341f-ae24e53a47b5\",\n      \"organizationId\": \"98593fe9-4c55-8e5b-24e6-21dcfbe7eec1\",\n      \"centralFilePath\": \"eiusmod sed consectetur\",\n      \"addedDate\": \"1948-06-03T22:23:55.053Z\",\n      \"addedByUserId\": \"urn:uuid:730b981f-945f-e842-9d76-33ff143633cf\",\n      \"updatedDate\": \"1943-06-24T20:52:24.302Z\",\n      \"updatedByUserId\": \"urn:uuid:8c3aef5b-892f-c262-8717-bc52c73ffa36\",\n      \"id\": \"d383d119-85c1-7793-4a04-29711ee20644\"\n    }\n  ],\n  \"projectPermissions\": [\n    {\n      \"projectId\": \"9b217a16-ceec-37d1-a8e4-d7f18b3aba4d\",\n      \"resourceId\": \"urn:uuid:e0bf58bb-5e79-e0a8-a633-98a27541d5c6\",\n      \"resourceType\": \"anim dolor labore\",\n      \"projectRole\": \"id consequat sint\",\n      \"addedByUserId\": \"09f98508-d028-b284-c5eb-98c5d5eada5c\",\n      \"addedDate\": \"2002-06-20T02:38:41.211Z\",\n      \"updatedByUserId\": \"urn:uuid:b5372fe7-a845-4604-c68a-a9b14e8deba9\",\n      \"updatedDate\": \"2017-10-10T17:36:10.904Z\",\n      \"id\": \"f613b05d-c861-4742-11ae-5bc51c57f95c\"\n    },\n    {\n      \"projectId\": \"urn:uuid:3af00456-9974-9d24-9ef7-8501d82cb3aa\",\n      \"resourceId\": \"efa0e282-9b86-7825-effc-ef932ff28c68\",\n      \"resourceType\": \"officia reprehenderit sunt\",\n      \"projectRole\": \"laboris Duis\",\n      \"addedByUserId\": \"72f0329b-adf4-1a9a-e933-803d925a619b\",\n      \"addedDate\": \"1978-03-25T13:45:11.595Z\",\n      \"updatedByUserId\": \"2c7a31c4-3b85-afdf-ff54-ecd039211723\",\n      \"updatedDate\": \"1977-03-06T01:01:59.469Z\",\n      \"id\": \"urn:uuid:6b213abb-81d3-d2d0-790d-b9b4a7b0e603\"\n    }\n  ],\n  \"id\": \"0ae51a93-ecb3-43f2-2c68-3a1b6110a88d\"\n}"
						}
					]
				}
			]
		}
	],
	"variable": [
		{
			"key": "baseUrl",
			"value": "/",
			"type": "string"
		}
	]
}